Open,High,Low,Close,Adj Close,Volume,Date
44.450001,44.580002,44.23,44.380001,37.787922,9672000.0,2017-07-10
44.32,44.48,44.150002,44.330002,37.745354,10300700.0,2017-07-11
44.59,44.77,44.439999,44.509998,37.898613,7737400.0,2017-07-12
44.490002,44.529999,44.369999,44.43,37.83049,6371900.0,2017-07-13
44.52,44.720001,44.5,44.68,38.043362,8558700.0,2017-07-14
44.66,44.790001,44.610001,44.73,38.08593,7189200.0,2017-07-17
44.779999,44.849998,44.619999,44.669998,38.034847,9037200.0,2017-07-18
44.669998,44.84,44.549999,44.830002,38.171085,6986900.0,2017-07-19
44.900002,44.98,44.75,44.82,38.16256,7430300.0,2017-07-20
44.779999,45.07,44.669998,45.029999,38.34137,8545600.0,2017-07-21
45.040001,45.049999,44.830002,44.84,38.179592,9103600.0,2017-07-24
45.02,45.290001,44.939999,45.240002,38.520176,14096300.0,2017-07-25
44.549999,45.790001,44.310001,45.740002,38.945915,13608900.0,2017-07-26
45.799999,46.43,45.700001,46.119999,39.26947,15195200.0,2017-07-27
46.0,46.119999,45.73,46.009998,39.175808,11945300.0,2017-07-28
46.0,46.080002,45.790001,45.84,39.031059,13622900.0,2017-07-31
45.970001,46.060001,45.650002,45.700001,38.911861,10306800.0,2017-08-01
45.599998,46.0,45.380001,45.59,38.818188,10187900.0,2017-08-02
45.650002,45.950001,45.630001,45.669998,38.886314,14261400.0,2017-08-03
45.669998,45.759998,45.470001,45.5,38.741562,9523600.0,2017-08-04
45.52,45.759998,45.5,45.639999,38.86076,6226300.0,2017-08-07
45.639999,45.82,45.549999,45.599998,38.826706,5747900.0,2017-08-08
45.560001,45.66,45.330002,45.59,38.818188,9635300.0,2017-08-09
45.560001,45.84,45.459999,45.740002,38.945915,8901600.0,2017-08-10
45.860001,45.900002,45.57,45.59,38.818188,8357600.0,2017-08-11
45.669998,45.939999,45.619999,45.799999,38.997002,8421200.0,2017-08-14
45.799999,46.25,45.799999,46.189999,39.329071,9638100.0,2017-08-15
46.150002,46.34,46.119999,46.200001,39.337578,8087300.0,2017-08-16
46.119999,46.330002,45.849998,45.860001,39.048088,8477000.0,2017-08-17
45.799999,45.900002,45.630001,45.669998,38.886314,10879800.0,2017-08-18
45.669998,45.799999,45.560001,45.68,38.894821,9429700.0,2017-08-21
45.700001,45.75,45.540001,45.599998,38.826706,10536700.0,2017-08-22
45.630001,45.66,45.439999,45.540001,38.77562,6528400.0,2017-08-23
45.540001,45.610001,45.310001,45.41,38.664928,7534400.0,2017-08-24
45.599998,45.759998,45.560001,45.57,38.801167,8807100.0,2017-08-25
45.630001,45.689999,45.380001,45.419998,38.673443,8024000.0,2017-08-28
45.400002,45.57,45.25,45.450001,38.69899,7762200.0,2017-08-29
45.360001,45.540001,45.290001,45.389999,38.647896,7134900.0,2017-08-30
45.400002,45.650002,45.34,45.549999,38.78413,14264600.0,2017-08-31
45.639999,45.799999,45.540001,45.779999,38.979965,7391200.0,2017-09-01
45.75,45.93,45.650002,45.919998,39.099174,9916700.0,2017-09-05
45.98,46.040001,45.790001,45.959999,39.133228,9238900.0,2017-09-06
46.009998,46.32,45.959999,46.279999,39.405693,9418400.0,2017-09-07
46.189999,46.369999,46.02,46.299999,39.422726,10534900.0,2017-09-08
46.349998,46.59,46.220001,46.52,39.610058,10430300.0,2017-09-11
46.5,46.75,46.450001,46.720001,39.78035,8567600.0,2017-09-12
46.68,46.98,46.650002,46.869999,39.90807,10218000.0,2017-09-13
46.400002,46.470001,45.939999,46.110001,39.57336,13768800.0,2017-09-14
46.299999,46.360001,46.0,46.18,39.633423,16141400.0,2017-09-15
46.150002,46.240002,45.91,46.110001,39.57336,8535300.0,2017-09-18
46.139999,46.189999,45.889999,45.98,39.461781,7297900.0,2017-09-19
45.759998,46.150002,45.549999,45.779999,39.290131,11026600.0,2017-09-20
45.709999,45.790001,45.360001,45.400002,38.964001,7555300.0,2017-09-21
45.450001,45.630001,45.369999,45.490002,39.041241,8024800.0,2017-09-22
45.5,45.759998,45.349998,45.689999,39.212883,9215300.0,2017-09-25
45.689999,45.869999,45.560001,45.57,39.109905,6480100.0,2017-09-26
45.470001,45.5,44.380001,44.639999,38.311737,14816200.0,2017-09-27
44.669998,45.0,44.650002,44.91,38.543472,8789500.0,2017-09-28
44.860001,45.110001,44.790001,45.009998,38.629284,10082200.0,2017-09-29
45.049999,45.27,44.75,44.799999,38.44907,10707800.0,2017-10-02
44.860001,45.259998,44.759998,45.189999,38.783764,12038100.0,2017-10-03
45.110001,45.560001,44.939999,45.5,39.049828,14060300.0,2017-10-04
45.509998,45.75,45.5,45.52,39.066986,10215300.0,2017-10-05
45.389999,45.52,45.279999,45.490002,39.041241,5437900.0,2017-10-06
45.549999,45.650002,45.34,45.41,38.97258,5268300.0,2017-10-09
45.599998,45.900002,45.529999,45.869999,39.367374,6310400.0,2017-10-10
45.880001,46.099998,45.869999,46.099998,39.564766,6638200.0,2017-10-11
45.98,46.139999,45.939999,46.110001,39.57336,7710200.0,2017-10-12
46.25,46.380001,46.150002,46.18,39.633423,7126000.0,2017-10-13
46.119999,46.75,46.099998,46.619999,40.011059,12708600.0,2017-10-16
46.529999,46.630001,46.310001,46.52,39.925228,7699400.0,2017-10-17
46.41,46.540001,46.240002,46.400002,39.822235,6272200.0,2017-10-18
46.369999,46.790001,46.32,46.59,39.985306,7515500.0,2017-10-19
46.580002,46.59,46.279999,46.380001,39.80508,9646800.0,2017-10-20
46.380001,46.650002,46.23,46.32,39.753582,7153600.0,2017-10-23
46.259998,46.290001,45.950001,46.18,39.633423,9539500.0,2017-10-24
46.369999,46.759998,45.93,46.049999,39.521851,11994200.0,2017-10-25
46.32,46.75,46.220001,46.23,39.676338,10569100.0,2017-10-26
46.130001,46.330002,45.91,46.07,39.539017,9988000.0,2017-10-27
46.0,46.07,45.82,45.860001,39.358795,7201900.0,2017-10-30
45.919998,46.169998,45.84,45.98,39.461781,6560500.0,2017-10-31
45.75,46.09,45.630001,45.799999,39.307297,7067600.0,2017-11-01
45.810001,45.950001,45.75,45.880001,39.375961,8317800.0,2017-11-02
45.970001,46.16,45.919998,45.970001,39.453201,4730400.0,2017-11-03
45.91,45.919998,45.419998,45.470001,39.024082,7451300.0,2017-11-06
45.41,45.950001,45.310001,45.939999,39.427452,9868000.0,2017-11-07
45.98,46.189999,45.869999,46.18,39.633423,7586900.0,2017-11-08
46.119999,46.389999,46.02,46.23,39.676338,6532400.0,2017-11-09
46.200001,46.639999,46.139999,46.540001,39.94239,8022900.0,2017-11-10
46.599998,46.82,46.540001,46.720001,40.096874,7653600.0,2017-11-13
46.709999,47.48,46.619999,47.43,40.70623,17200700.0,2017-11-14
47.32,47.459999,46.779999,46.810001,40.174122,12419100.0,2017-11-15
46.950001,46.98,46.509998,46.549999,39.950974,12506400.0,2017-11-16
46.34,46.380001,45.25,45.709999,39.230057,19720700.0,2017-11-17
45.650002,45.880001,45.419998,45.459999,39.015495,19160900.0,2017-11-20
45.560001,45.950001,45.540001,45.779999,39.290131,10280800.0,2017-11-21
45.889999,45.93,45.540001,45.84,39.341629,8434400.0,2017-11-22
45.889999,46.049999,45.860001,45.880001,39.375961,2996300.0,2017-11-24
45.880001,45.990002,45.810001,45.900002,39.393124,5649200.0,2017-11-27
45.990002,46.150002,45.779999,45.830002,39.333046,8432800.0,2017-11-28
45.77,45.82,45.209999,45.5,39.049828,16502100.0,2017-11-29
45.139999,45.84,45.029999,45.77,39.6036,17147600.0,2017-11-30
45.799999,46.02,45.209999,45.970001,39.776661,12468800.0,2017-12-01
45.990002,46.380001,45.77,46.23,40.001625,17523600.0,2017-12-04
46.25,46.439999,46.060001,46.259998,40.027588,13670800.0,2017-12-05
46.360001,46.48,46.259998,46.450001,40.191994,8154000.0,2017-12-06
46.290001,46.32,45.720001,45.779999,39.612247,9106500.0,2017-12-07
45.700001,45.73,45.049999,45.310001,39.205585,13238600.0,2017-12-08
45.310001,45.41,44.919998,45.330002,39.222881,9698700.0,2017-12-11
45.25,45.52,45.060001,45.290001,39.188271,13999300.0,2017-12-12
45.450001,46.049999,45.400002,45.900002,39.716091,12418700.0,2017-12-13
45.810001,46.169998,45.799999,46.029999,39.82856,9029000.0,2017-12-14
46.290001,46.419998,46.040001,46.189999,39.967022,21181600.0,2017-12-15
46.200001,46.380001,45.91,45.93,39.742046,10156800.0,2017-12-18
46.040001,46.380001,45.91,46.130001,39.9151,8253200.0,2017-12-19
46.209999,46.299999,45.959999,46.080002,39.871838,7311000.0,2017-12-20
46.139999,46.220001,45.560001,45.599998,39.456501,9657100.0,2017-12-21
45.689999,45.73,45.549999,45.59,39.447849,5406300.0,2017-12-22
45.700001,45.860001,45.610001,45.810001,39.638214,6100400.0,2017-12-26
45.900002,45.939999,45.720001,45.93,39.742046,5660600.0,2017-12-27
45.91,45.990002,45.639999,45.720001,39.560337,6538900.0,2017-12-28
45.700001,46.18,45.689999,45.880001,39.698784,8371500.0,2017-12-29
45.91,45.939999,45.509998,45.540001,39.404591,10872200.0,2018-01-02
45.490002,45.689999,45.34,45.439999,39.318058,12635600.0,2018-01-03
45.560001,46.220001,45.450001,46.080002,39.871838,12709400.0,2018-01-04
46.02,46.200001,45.790001,46.07,39.863178,13113100.0,2018-01-05
45.950001,46.099998,45.880001,46.0,39.802612,7068600.0,2018-01-08
46.0,46.360001,45.939999,46.23,40.001625,9962400.0,2018-01-09
46.23,46.259998,45.93,46.07,39.863178,10700700.0,2018-01-10
46.23,46.23,45.860001,46.040001,39.837231,7583200.0,2018-01-11
46.279999,46.389999,46.029999,46.150002,39.932411,14570100.0,2018-01-12
46.150002,46.619999,46.139999,46.529999,40.261208,16459300.0,2018-01-16
46.580002,47.0,46.549999,46.82,40.512142,12143100.0,2018-01-17
46.75,47.07,46.610001,46.880001,40.564064,11952900.0,2018-01-18
46.990002,47.25,46.869999,47.16,40.806332,16187400.0,2018-01-19
47.139999,47.5,47.09,47.380001,40.996693,9577400.0,2018-01-22
47.209999,47.700001,47.130001,47.450001,41.057262,11463700.0,2018-01-23
47.529999,47.950001,47.48,47.830002,41.38607,15964500.0,2018-01-24
47.700001,48.0,47.700001,47.84,41.394718,11755000.0,2018-01-25
47.779999,48.619999,47.740002,48.529999,41.991756,16671200.0,2018-01-26
48.209999,48.459999,47.580002,47.700001,41.273579,11662600.0,2018-01-29
47.73,48.16,47.400002,47.41,41.022644,12404800.0,2018-01-30
47.450001,47.900002,47.369999,47.59,41.178406,10960100.0,2018-01-31
47.41,47.73,47.110001,47.450001,41.057262,10279400.0,2018-02-01
47.349998,47.41,46.630001,46.73,40.434269,12912300.0,2018-02-02
46.650002,46.919998,44.41,44.889999,38.842159,23261500.0,2018-02-05
43.869999,44.740002,43.439999,44.669998,38.651802,25184300.0,2018-02-06
44.580002,45.5,44.279999,44.560001,38.556622,18041600.0,2018-02-07
44.619999,44.619999,43.07,43.099998,37.29332,23295300.0,2018-02-08
43.360001,43.459999,42.189999,43.130001,37.319271,22853100.0,2018-02-09
43.560001,44.23,43.369999,43.970001,38.046112,14689000.0,2018-02-12
43.919998,44.41,43.689999,44.189999,38.236462,13163200.0,2018-02-13
44.02,44.189999,43.630001,44.099998,38.158588,13457900.0,2018-02-14
44.25,44.830002,44.119999,44.779999,38.746979,13467300.0,2018-02-15
45.57,45.639999,44.720001,44.98,38.92004,17202300.0,2018-02-16
44.75,44.830002,43.939999,43.990002,38.063416,14137300.0,2018-02-20
44.110001,44.259998,43.330002,43.34,37.500988,12792900.0,2018-02-21
43.43,43.82,43.220001,43.52,37.656727,12377800.0,2018-02-22
43.580002,44.060001,43.419998,44.040001,38.10667,8277200.0,2018-02-23
44.23,44.389999,43.810001,44.029999,38.098022,12713300.0,2018-02-26
44.150002,44.310001,43.619999,43.619999,37.743263,12774400.0,2018-02-27
43.830002,43.91,43.220001,43.220001,37.397152,11929400.0,2018-02-28
43.099998,43.639999,42.82,43.43,37.578854,17746800.0,2018-03-01
43.25,43.799999,43.240002,43.720001,37.829788,14050100.0,2018-03-02
43.57,43.939999,43.5,43.889999,37.976879,11992700.0,2018-03-05
43.950001,44.049999,43.59,43.93,38.011494,10010500.0,2018-03-06
43.59,43.919998,43.470001,43.82,37.916317,10881700.0,2018-03-07
43.900002,44.459999,43.799999,44.450001,38.461445,12361100.0,2018-03-08
44.57,44.82,44.389999,44.82,38.781593,9778600.0,2018-03-09
44.950001,45.09,44.330002,44.529999,38.530659,11857700.0,2018-03-12
44.669998,44.830002,44.400002,44.57,38.565273,11342100.0,2018-03-13
44.380001,44.43,43.73,43.779999,38.216103,15321200.0,2018-03-14
43.880001,44.0,43.549999,43.669998,38.120087,12456700.0,2018-03-15
43.700001,44.02,43.450001,43.459999,37.936779,26603300.0,2018-03-16
43.459999,43.709999,43.18,43.259998,37.762188,12380300.0,2018-03-19
43.32,43.48,43.009998,43.16,37.674896,13559800.0,2018-03-20
43.130001,43.450001,42.790001,43.0,37.535233,13054000.0,2018-03-21
42.880001,43.369999,42.700001,42.759998,37.325737,12274100.0,2018-03-22
42.82,43.16,42.290001,42.330002,36.950382,13475200.0,2018-03-23
42.610001,42.810001,42.25,42.689999,37.264629,11276100.0,2018-03-26
42.700001,43.310001,42.529999,42.889999,37.439217,11627000.0,2018-03-27
43.0,43.700001,43.0,43.32,37.814564,16277400.0,2018-03-28
43.540001,43.919998,43.290001,43.43,37.91058,10450500.0,2018-03-29
43.439999,43.5,42.470001,42.669998,37.247169,14207900.0,2018-04-02
42.98,43.540001,42.84,43.380001,37.866943,15484600.0,2018-04-03
43.139999,44.400002,43.110001,44.240002,38.617649,13563300.0,2018-04-04
44.279999,44.610001,43.939999,44.400002,38.757309,11707800.0,2018-04-05
44.279999,44.52,43.709999,43.919998,38.338306,11495100.0,2018-04-06
44.029999,44.310001,43.779999,43.830002,38.259758,11913400.0,2018-04-09
44.07,44.18,43.720001,43.990002,38.399422,10379500.0,2018-04-10
43.810001,44.139999,43.759998,43.990002,38.399422,8424300.0,2018-04-11
44.080002,44.41,43.950001,44.029999,38.43433,8476400.0,2018-04-12
44.189999,44.689999,44.139999,44.509998,38.853333,10774200.0,2018-04-13
44.650002,44.889999,44.400002,44.68,39.001724,8962100.0,2018-04-16
44.950001,45.029999,44.650002,44.880001,39.176304,8406400.0,2018-04-17
44.900002,44.970001,44.330002,44.509998,38.853333,7429000.0,2018-04-18
44.34,44.470001,44.02,44.310001,38.678761,10370400.0,2018-04-19
44.310001,44.41,43.580002,43.740002,38.181198,14690700.0,2018-04-20
43.740002,43.990002,43.560001,43.98,38.39069,11878500.0,2018-04-23
43.98,44.099998,42.73,43.07,37.596333,18523900.0,2018-04-24
42.740002,42.889999,41.91,42.43,37.037674,20774700.0,2018-04-25
42.400002,43.099998,42.259998,42.75,37.317001,13561000.0,2018-04-26
42.73,43.34,42.709999,43.310001,37.805836,9777900.0,2018-04-27
43.5,43.689999,42.970001,43.209999,37.718548,16037700.0,2018-04-30
42.959999,42.990002,42.18,42.59,37.177345,11514200.0,2018-05-01
42.400002,42.59,41.939999,42.060001,36.714699,13736400.0,2018-05-02
42.220001,42.400002,41.52,41.889999,36.566303,18352200.0,2018-05-03
41.790001,42.5,41.77,42.360001,36.976566,10946200.0,2018-05-04
42.34,42.490002,41.959999,42.139999,36.784542,9336000.0,2018-05-07
41.970001,42.09,41.689999,41.810001,36.496471,15062200.0,2018-05-08
41.970001,42.23,41.669998,41.779999,36.470287,9295200.0,2018-05-09
41.990002,42.360001,41.939999,42.18,36.819447,7924200.0,2018-05-10
42.240002,42.470001,42.040001,42.139999,36.784542,6331900.0,2018-05-11
42.25,42.32,41.900002,42.040001,36.697247,10715500.0,2018-05-14
41.779999,41.919998,41.450001,41.720001,36.417904,16449700.0,2018-05-15
41.740002,41.939999,41.540001,41.549999,36.269508,11590500.0,2018-05-16
42.009998,42.349998,41.869999,42.299999,36.924194,14857400.0,2018-05-17
42.299999,42.380001,42.080002,42.18,36.819447,11950200.0,2018-05-18
42.310001,42.52,42.27,42.41,37.020214,9110200.0,2018-05-21
42.5,42.599998,42.209999,42.25,36.880554,8222900.0,2018-05-22
42.25,42.450001,41.93,42.400002,37.011494,8971400.0,2018-05-23
42.400002,42.470001,42.189999,42.32,36.941654,9269600.0,2018-05-24
42.34,42.580002,42.200001,42.400002,37.011494,8806500.0,2018-05-25
42.119999,42.849998,42.099998,42.68,37.255898,14826900.0,2018-05-29
42.77,43.279999,42.700001,43.130001,37.648708,10114200.0,2018-05-30
43.200001,43.209999,42.68,43.0,37.535233,15571300.0,2018-05-31
43.099998,43.32,43.040001,43.119999,37.63998,10664700.0,2018-06-01
43.360001,43.59,43.290001,43.490002,37.962967,11727600.0,2018-06-04
43.5,43.540001,43.099998,43.110001,37.631256,9975900.0,2018-06-05
43.060001,43.459999,43.040001,43.459999,37.936779,9202900.0,2018-06-06
43.330002,43.73,43.330002,43.439999,37.919312,11948100.0,2018-06-07
43.57,44.0,43.560001,43.950001,38.364506,12078800.0,2018-06-08
43.950001,44.25,43.889999,44.130001,38.521622,7526100.0,2018-06-11
44.130001,44.419998,44.080002,44.41,38.766037,8243300.0,2018-06-12
44.349998,44.52,44.150002,44.18,38.565277,16745000.0,2018-06-13
43.75,43.849998,43.52,43.580002,38.380325,12696200.0,2018-06-14
43.560001,44.150002,43.450001,44.119999,38.855892,21562500.0,2018-06-15
43.880001,43.959999,43.400002,43.549999,38.353905,12161900.0,2018-06-18
43.299999,43.75,43.200001,43.599998,38.397945,12936400.0,2018-06-19
43.619999,43.779999,43.23,43.259998,38.098499,10893700.0,2018-06-20
43.27,43.299999,42.959999,43.09,37.948792,10465200.0,2018-06-21
43.150002,43.41,43.080002,43.25,38.089703,14924400.0,2018-06-22
43.16,43.75,43.16,43.580002,38.380325,12092400.0,2018-06-25
43.560001,43.84,43.279999,43.330002,38.160152,13974700.0,2018-06-26
43.330002,43.610001,42.990002,43.07,37.931175,15332600.0,2018-06-27
43.240002,43.68,43.169998,43.470001,38.283451,12668900.0,2018-06-28
43.57,44.099998,43.310001,43.860001,38.626919,11485600.0,2018-06-29
43.779999,44.16,43.580002,43.75,38.530037,9232500.0,2018-07-02
44.060001,44.330002,43.990002,43.990002,38.741405,8214300.0,2018-07-03
44.16,44.669998,44.130001,44.66,39.33147,11653000.0,2018-07-05
44.669998,44.939999,44.580002,44.639999,39.31385,8733900.0,2018-07-06
44.540001,44.73,44.34,44.400002,39.102482,7373100.0,2018-07-09
44.509998,45.0,44.5,44.970001,39.604477,10606100.0,2018-07-10
44.990002,45.0,44.639999,44.790001,39.445957,7715600.0,2018-07-11
44.830002,44.959999,44.490002,44.669998,39.340279,6331600.0,2018-07-12
44.700001,44.779999,44.470001,44.740002,39.401924,5585900.0,2018-07-13
44.73,44.799999,44.529999,44.73,39.393112,5831400.0,2018-07-16
44.75,45.389999,44.68,45.25,39.851078,11592200.0,2018-07-17
45.189999,45.290001,44.84,45.119999,39.736588,7351600.0,2018-07-18
44.990002,45.43,44.919998,45.110001,39.727772,10097500.0,2018-07-19
45.02,45.279999,44.900002,45.279999,39.877499,8588400.0,2018-07-20
45.279999,45.360001,44.77,44.950001,39.586864,9055700.0,2018-07-23
44.779999,45.27,44.610001,45.259998,39.859879,13786100.0,2018-07-24
46.0,46.580002,45.75,46.09,40.590851,21330600.0,2018-07-25
46.360001,46.59,46.200001,46.240002,40.722958,12673100.0,2018-07-26
46.32,46.5,46.060001,46.209999,40.696529,10516900.0,2018-07-27
46.099998,46.439999,46.049999,46.23,40.714142,8967900.0,2018-07-30
46.400002,46.669998,46.310001,46.630001,41.066418,12438800.0,2018-07-31
46.450001,46.490002,46.169998,46.389999,40.855057,9904100.0,2018-08-01
46.48,46.630001,46.18,46.18,40.670109,12009700.0,2018-08-02
46.23,46.759998,46.139999,46.619999,41.05761,11462800.0,2018-08-03
46.599998,46.869999,46.549999,46.650002,41.08403,10056100.0,2018-08-06
46.52,46.610001,46.130001,46.5,40.951923,8632900.0,2018-08-07
46.490002,46.560001,46.119999,46.150002,40.643688,6810000.0,2018-08-08
46.25,46.419998,46.080002,46.349998,40.819832,8924100.0,2018-08-09
46.209999,46.419998,45.970001,46.080002,40.582043,7535400.0,2018-08-10
46.049999,46.130001,45.700001,45.830002,40.36187,8143400.0,2018-08-13
45.91,46.099998,45.869999,45.889999,40.414711,6846100.0,2018-08-14
45.77,46.150002,45.650002,46.080002,40.582043,9686400.0,2018-08-15
46.110001,46.380001,45.970001,46.220001,40.705345,10600700.0,2018-08-16
46.290001,46.73,46.240002,46.599998,41.040001,8885700.0,2018-08-17
46.68,46.869999,46.59,46.73,41.154488,6392000.0,2018-08-20
46.73,46.75,46.209999,46.220001,40.705345,13986300.0,2018-08-21
46.34,46.380001,45.919998,45.93,40.44994,7159100.0,2018-08-22
45.889999,46.080002,45.689999,45.700001,40.247391,13144900.0,2018-08-23
45.650002,45.799999,45.580002,45.630001,40.185738,10952900.0,2018-08-24
46.049999,46.049999,45.560001,45.689999,40.238564,9581200.0,2018-08-27
45.650002,45.73,45.279999,45.369999,39.956757,8476800.0,2018-08-28
45.25,45.419998,45.220001,45.330002,39.921524,12410900.0,2018-08-29
45.279999,45.32,44.889999,44.950001,39.586864,9716500.0,2018-08-30
45.0,45.07,44.389999,44.57,39.252209,19834100.0,2018-08-31
44.599998,44.900002,44.509998,44.759998,39.419533,11138500.0,2018-09-04
44.66,45.419998,44.66,45.380001,39.965565,10554900.0,2018-09-05
45.400002,46.0,45.299999,45.77,40.309032,11439400.0,2018-09-06
45.599998,45.82,45.279999,45.720001,40.264996,10208100.0,2018-09-07
45.91,46.310001,45.799999,46.060001,40.56443,8568900.0,2018-09-10
46.099998,46.150002,45.880001,46.02,40.529205,9278300.0,2018-09-11
46.16,46.299999,46.02,46.240002,40.722958,13216400.0,2018-09-12
46.009998,46.119999,45.709999,45.830002,40.705185,8294800.0,2018-09-13
45.919998,46.029999,45.610001,45.990002,40.84729,7612900.0,2018-09-14
46.0,46.330002,45.91,46.32,41.140392,8527300.0,2018-09-17
46.389999,46.529999,45.93,45.93,40.793999,9847400.0,2018-09-18
46.0,46.110001,45.869999,45.959999,40.820652,7119000.0,2018-09-19
46.220001,46.68,46.150002,46.639999,41.424614,9736700.0,2018-09-20
46.639999,46.689999,46.380001,46.580002,41.371326,19240300.0,2018-09-21
46.490002,46.529999,45.84,46.07,40.918354,10778900.0,2018-09-24
46.060001,46.18,45.610001,45.68,40.571964,7919100.0,2018-09-25
45.77,46.07,45.57,45.849998,40.722954,10162600.0,2018-09-26
45.73,46.18,45.68,46.009998,40.865063,10826900.0,2018-09-27
46.0,46.189999,45.970001,46.189999,41.024933,9071900.0,2018-09-28
46.169998,46.349998,46.049999,46.23,41.060459,9364700.0,2018-10-01
46.279999,46.560001,46.060001,46.509998,41.309151,7462700.0,2018-10-02
46.459999,46.549999,45.799999,45.869999,40.740715,10542300.0,2018-10-03
45.66,45.900002,45.43,45.849998,40.722954,9582300.0,2018-10-04
45.939999,46.16,45.689999,45.880001,40.749596,8734100.0,2018-10-05
45.990002,46.580002,45.970001,46.48,41.282513,9808100.0,2018-10-08
46.380001,46.549999,46.220001,46.389999,41.202564,10824500.0,2018-10-09
46.299999,46.700001,45.669998,45.68,40.571964,13917000.0,2018-10-10
45.799999,45.970001,44.5,44.639999,39.648254,17677900.0,2018-10-11
44.48,44.880001,44.25,44.68,39.683788,12420100.0,2018-10-12
44.639999,45.27,44.59,44.91,39.888069,11608500.0,2018-10-15
45.02,45.599998,44.860001,45.490002,40.40321,10442500.0,2018-10-16
45.41,45.990002,45.360001,45.860001,40.731831,11055800.0,2018-10-17
45.900002,46.080002,45.459999,45.610001,40.509792,12716900.0,2018-10-18
45.830002,46.490002,45.830002,46.330002,41.149277,13989200.0,2018-10-19
46.369999,46.459999,45.810001,45.970001,40.82954,14283600.0,2018-10-22
45.619999,46.459999,45.450001,46.360001,41.175915,17483900.0,2018-10-23
46.330002,47.389999,46.240002,46.73,41.504543,21626000.0,2018-10-24
46.650002,46.740002,46.119999,46.509998,41.309151,14220200.0,2018-10-25
46.369999,46.48,45.43,45.919998,40.785118,21458000.0,2018-10-26
46.150002,46.560001,46.049999,46.459999,41.264736,20932200.0,2018-10-29
46.619999,47.740002,46.040001,47.630001,42.303905,20895400.0,2018-10-30
47.5,48.080002,47.220001,47.880001,42.525948,25309400.0,2018-10-31
47.810001,48.150002,47.299999,47.740002,42.401604,16494500.0,2018-11-01
47.82,48.0,47.439999,48.0,42.63253,17584900.0,2018-11-02
48.0,48.779999,47.919998,48.689999,43.24538,16543500.0,2018-11-05
48.650002,49.130001,48.599998,49.110001,43.618412,14373400.0,2018-11-06
49.389999,49.549999,49.029999,49.369999,43.849339,12239700.0,2018-11-07
49.119999,49.369999,49.099998,49.330002,43.813816,9762800.0,2018-11-08
49.389999,49.889999,49.360001,49.68,44.124672,12398100.0,2018-11-09
49.610001,50.240002,49.540001,49.869999,44.293423,13918300.0,2018-11-12
49.810001,50.0,49.580002,49.860001,44.284542,13872900.0,2018-11-13
49.849998,49.939999,49.59,49.759998,44.195728,12106800.0,2018-11-14
49.66,49.75,49.27,49.740002,44.177963,12080100.0,2018-11-15
49.66,50.25,49.630001,50.169998,44.559883,13405800.0,2018-11-16
50.310001,50.759998,50.25,50.509998,44.861858,13575800.0,2018-11-19
50.82,50.84,49.209999,49.380001,43.858212,16255300.0,2018-11-20
49.23,49.439999,48.59,48.73,43.280899,13559200.0,2018-11-21
48.75,49.23,48.549999,49.02,43.538471,4792500.0,2018-11-23
49.009998,49.23,48.669998,48.869999,43.405251,9341900.0,2018-11-26
48.880001,49.41,48.73,49.369999,43.849339,9180700.0,2018-11-27
49.209999,49.720001,49.209999,49.709999,44.151314,11368700.0,2018-11-28
49.279999,49.43,48.970001,48.98,43.846954,11564300.0,2018-11-29
49.0,50.490002,48.990002,50.400002,45.118137,25538200.0,2018-11-30
49.869999,49.959999,48.889999,49.689999,44.48254,14877200.0,2018-12-03
49.970001,50.509998,49.5,49.580002,44.384075,19059900.0,2018-12-04
49.509998,49.630001,48.66,49.380001,44.205029,17674900.0,2018-12-06
49.57,49.68,48.880001,49.09,43.945415,15565700.0,2018-12-07
49.450001,49.450001,48.470001,49.240002,44.079708,12331100.0,2018-12-10
49.59,50.009998,49.18,49.540001,44.348267,18083600.0,2018-12-11
49.950001,50.02,49.189999,49.220001,44.061806,12316900.0,2018-12-12
48.720001,49.610001,48.57,49.470001,44.285603,13766200.0,2018-12-13
49.23,49.52,49.02,49.34,44.16922,13835900.0,2018-12-14
49.34,49.529999,48.02,48.330002,43.265072,18482700.0,2018-12-17
48.610001,48.830002,47.849998,48.32,43.256115,14765700.0,2018-12-18
48.240002,48.759998,47.619999,47.900002,42.880127,17903800.0,2018-12-19
47.810001,48.130001,47.099998,47.540001,42.557854,21130000.0,2018-12-20
47.259998,48.75,47.23,47.57,42.584713,32477700.0,2018-12-21
47.619999,47.869999,45.830002,45.959999,41.143444,10733700.0,2018-12-24
45.880001,46.959999,45.66,46.939999,42.020741,14342600.0,2018-12-26
46.740002,47.549999,46.029999,47.529999,42.548908,16966500.0,2018-12-27
47.889999,48.009998,47.029999,47.200001,42.25349,13218200.0,2018-12-28
47.490002,47.540001,46.959999,47.349998,42.387772,10576300.0,2018-12-31
46.939999,47.220001,46.560001,46.93,42.011787,11603700.0,2019-01-02
46.82,47.369999,46.529999,46.639999,41.752178,14714400.0,2019-01-03
46.75,47.57,46.639999,47.57,42.584713,13013700.0,2019-01-04
47.57,47.75,46.900002,46.950001,42.029697,13135500.0,2019-01-07
47.25,47.57,47.040001,47.48,42.50415,15420700.0,2019-01-08
47.080002,47.279999,46.43,46.57,41.689518,18032500.0,2019-01-09
46.66,47.09,46.34,47.07,42.137112,15976600.0,2019-01-10
47.290001,47.360001,46.970001,47.34,42.378819,11088600.0,2019-01-11
47.25,47.400002,46.990002,47.150002,42.208733,11514300.0,2019-01-14
46.889999,47.599998,46.810001,47.57,42.584713,11342900.0,2019-01-15
47.400002,47.470001,46.860001,46.919998,42.002834,16907800.0,2019-01-16
46.919998,47.139999,46.880001,47.060001,42.128166,12044600.0,2019-01-17
47.25,47.689999,47.119999,47.610001,42.620522,12760700.0,2019-01-18
47.700001,47.790001,47.209999,47.720001,42.718994,11700400.0,2019-01-22
47.82,48.290001,47.650002,48.27,43.211357,12058300.0,2019-01-23
48.110001,48.110001,47.380001,47.689999,42.692142,10272000.0,2019-01-24
47.880001,48.029999,47.240002,47.369999,42.405678,12066500.0,2019-01-25
47.220001,47.299999,46.939999,47.169998,42.226631,9966900.0,2019-01-28
47.200001,47.630001,47.130001,47.400002,42.432537,11998600.0,2019-01-29
47.25,47.889999,47.189999,47.860001,42.844326,12952500.0,2019-01-30
47.849998,48.779999,47.470001,48.130001,43.086029,32181500.0,2019-01-31
48.48,48.779999,48.400002,48.700001,43.596294,19130100.0,2019-02-01
48.700001,49.450001,48.540001,49.25,44.088654,15105700.0,2019-02-04
49.330002,49.470001,49.099998,49.259998,44.097607,12651900.0,2019-02-05
49.209999,49.360001,49.02,49.259998,44.097607,8689100.0,2019-02-06
49.169998,49.459999,49.0,49.419998,44.240833,10047800.0,2019-02-07
49.369999,49.5,49.110001,49.5,44.312458,9813300.0,2019-02-08
49.57,49.880001,49.48,49.610001,44.410931,9369300.0,2019-02-11
49.689999,49.799999,49.459999,49.66,44.455685,10983300.0,2019-02-12
49.610001,49.939999,49.560001,49.790001,44.572067,12748800.0,2019-02-13
46.700001,46.959999,45.5,45.59,40.812222,58905400.0,2019-02-14
45.900002,46.259998,45.200001,45.240002,40.498894,35701600.0,2019-02-15
45.32,45.59,44.77,44.830002,40.13187,25511300.0,2019-02-19
44.91,45.240002,44.799999,45.099998,40.373562,27464000.0,2019-02-20
45.0,45.91,44.959999,45.860001,41.053921,23121200.0,2019-02-21
45.759998,45.950001,45.200001,45.279999,40.53471,24728400.0,2019-02-22
45.439999,45.57,44.84,44.939999,40.230335,23774400.0,2019-02-25
45.099998,45.139999,44.66,44.689999,40.006538,20463200.0,2019-02-26
44.599998,45.02,44.419998,44.939999,40.230335,17827500.0,2019-02-27
45.119999,45.610001,45.110001,45.34,40.588421,22533900.0,2019-02-28
45.470001,45.639999,45.200001,45.380001,40.624226,16291600.0,2019-03-01
45.529999,45.669998,45.299999,45.650002,40.865936,15973800.0,2019-03-04
45.650002,45.700001,45.400002,45.599998,40.821163,13062300.0,2019-03-05
45.669998,45.790001,45.439999,45.450001,40.686886,14232100.0,2019-03-06
45.490002,45.529999,45.130001,45.279999,40.53471,12084000.0,2019-03-07
45.150002,45.25,44.610001,44.84,40.140816,15579100.0,2019-03-08
45.139999,46.240002,45.099998,46.18,41.340393,22126900.0,2019-03-11
45.950001,46.25,45.900002,46.049999,41.224018,19348500.0,2019-03-12
46.130001,46.34,45.91,46.220001,41.376194,16222500.0,2019-03-13
45.84,46.110001,45.630001,45.700001,41.267841,18504100.0,2019-03-14
45.720001,45.900002,45.139999,45.299999,40.906628,47254500.0,2019-03-15
45.43,45.68,45.360001,45.41,41.005951,24006400.0,2019-03-18
45.549999,45.689999,45.34,45.560001,41.141415,14987000.0,2019-03-19
45.400002,45.900002,45.18,45.529999,41.114315,13376100.0,2019-03-20
45.529999,45.759998,45.439999,45.509998,41.096256,20043000.0,2019-03-21
45.459999,46.110001,45.459999,45.93,41.475529,19055900.0,2019-03-22
45.860001,46.200001,45.790001,46.029999,41.565826,11668200.0,2019-03-25
46.169998,46.790001,46.169998,46.639999,42.116665,11434900.0,2019-03-26
46.650002,46.91,46.330002,46.610001,42.089584,11543600.0,2019-03-27
46.68,46.919998,46.48,46.580002,42.062485,11121100.0,2019-03-28
46.669998,46.91,46.48,46.860001,42.315331,16045600.0,2019-03-29
46.990002,47.169998,46.59,46.720001,42.188908,11522700.0,2019-04-01
46.75,46.93,46.57,46.57,42.053459,8495000.0,2019-04-02
46.419998,46.59,46.040001,46.18,41.701283,12854500.0,2019-04-03
46.34,46.540001,46.110001,46.48,41.972179,7814900.0,2019-04-04
46.490002,46.580002,46.200001,46.470001,41.963154,7677600.0,2019-04-05
46.540001,46.57,46.27,46.549999,42.035393,9421300.0,2019-04-08
46.450001,46.720001,46.27,46.669998,42.143757,8641800.0,2019-04-09
46.84,47.0,46.560001,46.639999,42.116665,8059900.0,2019-04-10
46.720001,46.75,46.540001,46.709999,42.179878,7352400.0,2019-04-11
46.669998,46.93,46.57,46.740002,42.206974,10690000.0,2019-04-12
46.880001,47.040001,46.700001,47.0,42.441753,10261300.0,2019-04-15
47.049999,47.099998,46.700001,46.950001,42.396603,10804600.0,2019-04-16
47.200001,47.549999,47.150002,47.279999,42.694595,11849300.0,2019-04-17
47.330002,47.580002,47.27,47.48,42.875206,12167000.0,2019-04-18
47.400002,47.610001,47.02,47.400002,42.802967,9834700.0,2019-04-22
48.09,48.720001,47.549999,48.209999,43.534409,25327800.0,2019-04-23
48.029999,48.23,47.919998,47.98,43.326706,15997300.0,2019-04-24
47.740002,47.889999,47.470001,47.84,43.200291,11444400.0,2019-04-25
47.990002,48.450001,47.98,48.259998,43.579552,10154300.0,2019-04-26
48.169998,48.450001,48.110001,48.419998,43.724037,9731500.0,2019-04-29
48.529999,49.18,48.389999,49.060001,44.301968,17912900.0,2019-04-30
48.950001,49.080002,48.549999,48.59,43.877541,10551200.0,2019-05-01
48.529999,48.77,48.27,48.389999,43.696945,8724600.0,2019-05-02
48.599998,48.959999,48.52,48.720001,43.994949,7076900.0,2019-05-03
48.330002,48.610001,48.259998,48.470001,43.769184,8657800.0,2019-05-06
48.23,48.290001,47.77,48.0,43.344765,12487500.0,2019-05-07
48.049999,48.23,47.82,47.849998,43.209312,9281400.0,2019-05-08
47.799999,47.98,47.07,47.400002,42.802967,11450500.0,2019-05-09
47.41,48.299999,47.400002,48.189999,43.516346,9653800.0,2019-05-10
47.91,48.130001,47.73,48.049999,43.389919,11911500.0,2019-05-13
48.529999,49.32,48.349998,48.689999,43.967846,16844200.0,2019-05-14
48.669998,49.380001,48.599998,49.18,44.410336,11422500.0,2019-05-15
49.27,49.66,49.209999,49.580002,44.771534,17771300.0,2019-05-16
49.27,49.549999,49.169998,49.200001,44.428394,11257000.0,2019-05-17
49.040001,49.139999,48.759998,48.849998,44.112339,13850500.0,2019-05-20
49.0,49.029999,48.450001,48.599998,43.886578,10587400.0,2019-05-21
48.779999,49.709999,48.720001,49.650002,44.834743,16050400.0,2019-05-22
49.5,49.900002,49.459999,49.849998,45.015347,12199400.0,2019-05-23
49.82,49.889999,49.529999,49.610001,44.798626,6887600.0,2019-05-24
49.599998,49.669998,49.029999,49.099998,44.338085,18614000.0,2019-05-28
48.740002,49.029999,48.41,48.610001,43.895603,12534600.0,2019-05-29
48.720001,49.310001,48.669998,49.25,44.473537,9087200.0,2019-05-30
49.0,49.310001,48.779999,49.130001,44.365177,11368600.0,2019-05-31
49.16,49.98,49.02,49.98,45.132736,14167200.0,2019-06-03
50.0,50.279999,49.619999,50.0,45.150799,12010600.0,2019-06-04
50.009998,51.139999,49.689999,50.779999,45.855152,15837600.0,2019-06-05
50.91,51.540001,50.59,51.400002,46.415031,15190400.0,2019-06-06
51.470001,52.189999,51.450001,51.490002,46.496296,15293600.0,2019-06-07
51.540001,51.540001,51.09,51.380001,46.396965,9737400.0,2019-06-10
51.450001,51.59,51.18,51.330002,46.351818,9915600.0,2019-06-11
51.5,52.139999,51.470001,51.639999,46.631744,11088100.0,2019-06-12
51.459999,51.700001,50.779999,51.130001,46.531643,10353600.0,2019-06-13
51.049999,51.529999,51.049999,51.310001,46.695454,8694300.0,2019-06-14
51.25,51.48,50.610001,50.869999,46.295021,12322400.0,2019-06-17
51.25,51.299999,50.529999,50.639999,46.085709,9221100.0,2019-06-18
50.540001,51.240002,50.470001,51.119999,46.522533,9414100.0,2019-06-19
51.5,51.790001,51.349998,51.66,47.013977,10656600.0,2019-06-20
51.529999,51.889999,51.41,51.549999,46.913868,21264400.0,2019-06-21
51.740002,52.200001,51.700001,51.919998,47.250587,10780000.0,2019-06-24
52.0,52.099998,51.639999,51.759998,47.104984,11519900.0,2019-06-25
51.52,51.639999,51.09,51.119999,46.522533,12405100.0,2019-06-26
51.290001,51.400002,50.970001,51.080002,46.486134,12374900.0,2019-06-27
51.27,51.400002,50.52,50.919998,46.34053,16339900.0,2019-06-28
51.07,51.630001,50.779999,51.599998,46.95937,14976400.0,2019-07-01
51.779999,52.049999,51.549999,51.98,47.305195,8569200.0,2019-07-02
52.0,52.330002,52.0,52.099998,47.414398,7253700.0,2019-07-03
51.889999,52.119999,51.48,52.110001,47.423512,8916300.0,2019-07-05
52.200001,52.330002,51.889999,52.0,47.323399,9495100.0,2019-07-08
51.720001,51.970001,51.43,51.59,46.950275,10584900.0,2019-07-09
51.799999,51.970001,51.66,51.82,47.15958,7620900.0,2019-07-10
51.990002,52.060001,51.66,52.040001,47.359802,10376500.0,2019-07-11
52.25,52.290001,51.91,52.119999,47.432606,7347400.0,2019-07-12
52.279999,52.290001,51.869999,52.130001,47.441704,5876100.0,2019-07-15
51.959999,52.470001,51.810001,52.139999,47.450806,7132500.0,2019-07-16
52.220001,52.259998,52.009998,52.18,47.487206,8264200.0,2019-07-17
52.040001,52.169998,51.669998,52.029999,47.3507,11911800.0,2019-07-18
52.139999,52.150002,51.369999,51.389999,46.768257,10355500.0,2019-07-19
51.52,51.52,51.130001,51.220001,46.613544,12090700.0,2019-07-22
53.25,54.639999,52.759998,54.330002,49.443855,33417900.0,2019-07-23
54.119999,54.82,53.619999,53.779999,48.94331,15633400.0,2019-07-24
53.630001,53.799999,52.720001,53.07,48.297165,19135000.0,2019-07-25
53.34,54.310001,53.189999,54.169998,49.298244,11451900.0,2019-07-26
54.169998,54.299999,53.900002,53.990002,49.13443,12283900.0,2019-07-29
53.959999,54.299999,53.57,53.720001,48.888714,8127100.0,2019-07-30
53.509998,53.509998,52.040001,52.630001,47.896736,16865500.0,2019-07-31
52.779999,53.200001,52.009998,52.029999,47.3507,19527200.0,2019-08-01
51.91,52.73,51.91,52.330002,47.623722,13102300.0,2019-08-02
52.389999,52.66,51.400002,51.650002,47.004875,19986500.0,2019-08-05
51.869999,52.759998,51.610001,52.27,47.569111,19903100.0,2019-08-06
52.27,53.389999,51.77,53.18,48.39727,17937000.0,2019-08-07
53.209999,53.779999,52.849998,53.689999,48.861404,10799000.0,2019-08-08
53.790001,53.900002,53.080002,53.419998,48.615688,9260900.0,2019-08-09
53.279999,53.439999,52.990002,53.200001,48.41547,6588600.0,2019-08-12
52.900002,53.610001,52.869999,53.5,48.688496,8581200.0,2019-08-13
53.34,53.970001,52.970001,52.990002,48.224361,17088900.0,2019-08-14
53.43,54.0,53.23,53.869999,49.025223,12393200.0,2019-08-15
53.98,54.490002,53.950001,54.41,49.516659,14288700.0,2019-08-16
54.439999,54.779999,54.310001,54.689999,49.771469,10936200.0,2019-08-19
54.619999,54.68,53.84,53.880001,49.034313,8176700.0,2019-08-20
54.25,54.41,53.849998,54.099998,49.234535,10886500.0,2019-08-21
54.119999,54.639999,54.099998,54.490002,49.589458,7467900.0,2019-08-22
54.419998,54.709999,53.389999,53.740002,48.90691,14160400.0,2019-08-23
54.0,54.540001,53.73,54.540001,49.634968,9226900.0,2019-08-26
54.700001,54.950001,54.41,54.720001,49.798775,13537000.0,2019-08-27
54.66,55.150002,54.419998,55.110001,50.153709,10046400.0,2019-08-28
55.259998,55.34,54.599998,55.049999,50.099087,9262800.0,2019-08-29
55.16,55.220001,54.810001,55.040001,50.089996,8746700.0,2019-08-30
54.98,55.330002,54.869999,55.299999,50.326614,12991400.0,2019-09-03
55.349998,55.919998,55.299999,55.77,50.754341,10718100.0,2019-09-04
55.75,55.77,55.029999,55.119999,50.162796,13677000.0,2019-09-05
55.439999,55.439999,54.759998,55.23,50.262909,9093500.0,2019-09-06
55.029999,55.080002,54.360001,54.52,49.616764,10814900.0,2019-09-09
54.23,54.439999,53.849998,54.400002,49.507557,12038200.0,2019-09-10
54.290001,54.799999,53.970001,54.77,49.844273,9740400.0,2019-09-11
55.099998,55.310001,54.98,55.110001,50.153709,12357900.0,2019-09-12
54.48,54.790001,54.07,54.259998,49.741173,11486100.0,2019-09-13
54.099998,54.34,53.630001,53.959999,49.46616,11172000.0,2019-09-16
54.099998,54.700001,53.959999,54.240002,49.722843,11347400.0,2019-09-17
54.200001,54.290001,53.82,54.23,49.713669,9700400.0,2019-09-18
54.23,54.599998,54.130001,54.52,49.979527,7560300.0,2019-09-19
54.689999,54.689999,53.900002,53.91,49.420326,19211500.0,2019-09-20
53.91,54.360001,53.880001,54.139999,49.631172,6485300.0,2019-09-23
54.25,54.610001,54.040001,54.299999,49.777843,10093000.0,2019-09-24
54.439999,54.48,54.0,54.169998,49.658676,10248400.0,2019-09-25
54.470001,54.580002,54.130001,54.389999,49.860348,10031200.0,2019-09-26
54.560001,54.639999,54.0,54.310001,49.78701,7939900.0,2019-09-27
54.150002,54.68,54.150002,54.439999,49.906185,9808700.0,2019-09-30
54.529999,54.779999,54.009998,54.650002,50.098698,14261500.0,2019-10-01
54.209999,54.439999,52.900002,53.080002,48.659451,14343600.0,2019-10-02
53.5,53.98,52.82,53.84,49.356159,13817500.0,2019-10-03
54.0,54.540001,53.889999,54.540001,49.997868,9295400.0,2019-10-04
54.330002,54.360001,53.77,53.869999,49.383659,5964900.0,2019-10-07
53.880001,54.07,53.450001,53.580002,49.117805,13301900.0,2019-10-08
54.060001,54.07,53.540001,53.830002,49.346992,7135000.0,2019-10-09
53.549999,53.880001,53.360001,53.66,49.191147,8942900.0,2019-10-10
53.650002,53.700001,53.200001,53.299999,48.861126,8981700.0,2019-10-11
53.490002,53.68,53.220001,53.299999,48.861126,7306300.0,2019-10-14
53.43,53.68,53.27,53.509998,49.053646,9564300.0,2019-10-15
53.459999,53.57,53.130001,53.490002,49.035313,10454800.0,2019-10-16
53.689999,54.119999,53.580002,53.790001,49.310322,13190300.0,2019-10-17
55.0,55.389999,54.450001,54.779999,50.217876,18122400.0,2019-10-18
54.450001,54.560001,53.68,54.23,49.713669,12778900.0,2019-10-21
54.23,54.419998,53.740002,53.849998,49.365322,9533400.0,2019-10-22
54.060001,54.66,54.009998,54.639999,50.089527,8556600.0,2019-10-23
54.57,54.82,54.490002,54.610001,50.062031,11051400.0,2019-10-24
54.549999,54.560001,53.669998,53.75,49.273651,9782400.0,2019-10-25
53.740002,53.950001,53.369999,53.57,49.108635,8866100.0,2019-10-28
53.389999,53.66,53.259998,53.41,48.961971,7999700.0,2019-10-29
53.52,54.049999,53.16,53.939999,49.447823,8620900.0,2019-10-30
53.959999,54.470001,53.849998,54.43,49.897022,13982000.0,2019-10-31
54.630001,54.740002,53.849998,53.900002,49.411156,9889500.0,2019-11-01
53.959999,54.0,52.970001,53.139999,48.714455,17515100.0,2019-11-04
52.889999,52.889999,52.119999,52.419998,48.054417,19284000.0,2019-11-05
52.529999,52.799999,52.41,52.799999,48.402767,13288900.0,2019-11-06
52.880001,53.0,51.959999,52.290001,47.935242,11725500.0,2019-11-07
52.459999,52.599998,52.09,52.209999,47.861904,7141800.0,2019-11-08
52.330002,52.369999,51.779999,51.84,47.522717,8198300.0,2019-11-11
51.91,51.91,51.580002,51.709999,47.403542,12656900.0,2019-11-12
52.18,52.450001,51.959999,52.41,48.045242,12257900.0,2019-11-13
52.529999,52.669998,52.349998,52.630001,48.246925,8660300.0,2019-11-14
52.639999,52.68,52.380001,52.669998,48.283592,8982400.0,2019-11-15
52.68,53.439999,52.669998,53.029999,48.613609,13782000.0,2019-11-18
53.150002,53.310001,52.869999,53.080002,48.659451,12679500.0,2019-11-19
53.099998,53.400002,53.009998,53.220001,48.787788,11970300.0,2019-11-20
53.110001,53.34,52.779999,52.959999,48.549435,7856100.0,2019-11-21
52.959999,53.189999,52.75,53.029999,48.613609,9113300.0,2019-11-22
53.279999,53.389999,52.77,53.220001,48.787788,10963500.0,2019-11-25
53.310001,53.939999,53.220001,53.900002,49.411156,13219800.0,2019-11-26
53.93,54.099998,53.599998,53.950001,49.457001,9595200.0,2019-11-27
53.700001,53.73,53.220001,53.400002,49.318462,7222300.0,2019-11-29
53.32,53.75,52.849998,53.75,49.641708,13173800.0,2019-12-02
53.709999,53.84,53.400002,53.799999,49.687885,14498300.0,2019-12-03
53.799999,54.310001,53.720001,54.290001,50.14043,13624000.0,2019-12-04
54.209999,54.290001,53.830002,54.189999,50.048077,14068100.0,2019-12-05
54.310001,54.5,54.169998,54.419998,50.260494,7843500.0,2019-12-06
54.299999,54.509998,54.02,54.07,49.937252,13887200.0,2019-12-09
54.040001,54.07,53.73,53.77,49.660183,8993900.0,2019-12-10
53.939999,54.150002,53.66,53.950001,49.826424,8879100.0,2019-12-11
54.009998,54.450001,53.939999,54.139999,50.001896,11233300.0,2019-12-12
53.939999,54.549999,53.84,54.419998,50.260494,13072200.0,2019-12-13
54.689999,54.830002,54.369999,54.419998,50.260494,9538100.0,2019-12-16
54.400002,54.580002,54.290001,54.419998,50.260494,9230000.0,2019-12-17
54.529999,54.75,53.889999,53.91,49.789478,15132100.0,2019-12-18
54.040001,54.34,53.919998,54.32,50.16814,13385900.0,2019-12-19
54.939999,55.200001,54.470001,54.970001,50.768456,23832800.0,2019-12-20
55.0,55.240002,54.84,54.91,50.713047,9300800.0,2019-12-23
54.799999,55.0,54.639999,54.709999,50.528332,3359300.0,2019-12-24
54.919998,55.02,54.790001,55.02,50.814636,6228500.0,2019-12-26
55.009998,55.450001,55.0,55.349998,51.119411,6895500.0,2019-12-27
55.18,55.389999,55.060001,55.27,51.045532,6431700.0,2019-12-30
55.200001,55.380001,54.98,55.349998,51.119411,7982600.0,2019-12-31
55.32,55.43,54.759998,54.990002,50.78693,11867700.0,2020-01-02
54.32,54.990002,54.09,54.689999,50.509857,11354500.0,2020-01-03
54.650002,54.91,54.52,54.669998,50.491383,14698300.0,2020-01-06
54.450001,54.599998,54.150002,54.25,50.103493,9973900.0,2020-01-07
54.27,54.639999,54.150002,54.349998,50.195847,10676000.0,2020-01-08
55.0,55.400002,54.84,55.34,51.110184,15398000.0,2020-01-09
55.48,55.93,55.450001,55.529999,51.28566,13040100.0,2020-01-10
55.529999,56.23,55.419998,56.130001,51.839806,14302900.0,2020-01-13
56.240002,56.290001,55.830002,56.0,51.719738,16345300.0,2020-01-14
56.0,56.98,56.0,56.700001,52.366238,17735400.0,2020-01-15
56.849998,56.950001,56.610001,56.82,52.477058,10234100.0,2020-01-16
56.869999,57.150002,56.799999,56.939999,52.587887,14264300.0,2020-01-17
56.849998,57.25,56.57,57.169998,52.800297,11968900.0,2020-01-21
57.25,57.639999,57.18,57.610001,53.206676,12869600.0,2020-01-22
57.380001,57.849998,57.240002,57.830002,53.409859,12858900.0,2020-01-23
57.849998,57.869999,57.459999,57.68,53.271328,8594300.0,2020-01-24
57.209999,57.849998,57.130001,57.48,53.086613,14359900.0,2020-01-27
57.450001,57.75,56.970001,57.009998,52.652534,15240200.0,2020-01-28
57.0,57.259998,56.66,57.009998,52.652534,13163600.0,2020-01-29
57.93,58.98,57.759998,58.860001,54.361134,20225600.0,2020-01-30
58.970001,59.080002,58.150002,58.400002,53.936298,17685200.0,2020-01-31
58.75,58.970001,58.52,58.580002,54.102539,12333600.0,2020-02-03
58.75,59.450001,58.619999,58.84,54.342659,15417900.0,2020-02-04
58.900002,59.080002,58.540001,58.849998,54.351894,11414900.0,2020-02-05
58.98,59.34,58.84,58.990002,54.481201,9347000.0,2020-02-06
58.880001,59.32,58.849998,59.189999,54.665909,8757800.0,2020-02-07
59.32,59.84,59.290001,59.75,55.183113,7984900.0,2020-02-10
59.720001,59.799999,59.32,59.59,55.035336,7431200.0,2020-02-11
59.48,59.77,59.32,59.41,54.869091,9179100.0,2020-02-12
59.380001,59.84,59.209999,59.610001,55.05381,8173200.0,2020-02-13
59.630001,60.07,59.619999,59.950001,55.367828,9965500.0,2020-02-14
59.810001,59.93,59.450001,59.529999,54.979919,10075700.0,2020-02-18
59.509998,60.0,59.470001,59.77,55.201584,6265700.0,2020-02-19
59.68,59.860001,59.110001,59.720001,55.155407,7597200.0,2020-02-20
59.509998,60.130001,59.43,60.130001,55.534065,10842400.0,2020-02-21
59.110001,59.799999,58.57,58.650002,54.167191,14415500.0,2020-02-24
58.700001,59.200001,57.619999,57.82,53.400631,15915100.0,2020-02-25
57.98,58.470001,57.48,57.599998,53.197441,15837800.0,2020-02-26
57.150002,57.889999,54.880001,54.93,50.731514,23754000.0,2020-02-27
53.830002,53.889999,51.580002,53.490002,49.401588,40890600.0,2020-02-28
53.93,55.959999,53.700001,55.919998,51.645847,25698600.0,2020-03-02
56.759998,57.490002,55.639999,56.060001,51.775146,27099200.0,2020-03-03
56.41,59.0,56.41,58.919998,54.416542,20526100.0,2020-03-04
57.799999,58.169998,56.189999,56.740002,52.403175,17948500.0,2020-03-05
54.939999,55.91,53.98,55.259998,51.036289,22353900.0,2020-03-06
52.049999,53.580002,51.48,51.860001,47.896168,27898300.0,2020-03-09
53.220001,53.799999,51.169998,53.66,49.558582,27457400.0,2020-03-10
52.349998,52.650002,51.139999,52.209999,48.219418,22653900.0,2020-03-11
48.540001,49.93,46.689999,47.16,43.555405,31913100.0,2020-03-12
49.509998,49.560001,46.610001,48.470001,45.157871,33697200.0,2020-03-13
42.240002,47.880001,41.169998,45.259998,42.167221,28682300.0,2020-03-16
45.880001,47.5,45.369999,47.18,43.956024,32106700.0,2020-03-17
44.740002,45.150002,41.59,44.849998,41.78524,35408300.0,2020-03-18
44.360001,44.66,41.040001,41.830002,38.971611,41956900.0,2020-03-19
41.950001,42.07,37.509998,38.299999,35.682827,51513500.0,2020-03-20
38.759998,38.889999,36.27,37.560001,34.993389,44978500.0,2020-03-23
41.220001,41.400002,38.830002,39.450001,36.754238,49096200.0,2020-03-24
40.630001,43.450001,39.91,41.610001,38.766636,42511700.0,2020-03-25
42.84,45.27,42.450001,44.290001,41.263512,37821700.0,2020-03-26
43.66,44.029999,42.400002,42.810001,39.88464,23297900.0,2020-03-27
43.040001,45.560001,43.040001,45.0,41.924992,23446000.0,2020-03-30
45.07,45.509998,44.060001,44.25,41.226242,25373900.0,2020-03-31
42.48,43.650002,41.799999,42.119999,39.241787,21936400.0,2020-04-01
42.220001,44.189999,41.860001,43.950001,40.946735,17621900.0,2020-04-02
43.580002,44.34,43.310001,43.830002,40.834942,14207100.0,2020-04-03
45.389999,47.009998,44.689999,46.669998,43.480869,22850000.0,2020-04-06
48.5,48.599998,46.48,46.509998,43.331799,21279600.0,2020-04-07
46.639999,48.09,46.330002,47.82,44.55228,18937100.0,2020-04-08
48.439999,49.73,48.349998,49.0,45.651653,19165300.0,2020-04-09
48.349998,48.639999,46.5,46.93,43.723099,19586000.0,2020-04-13
47.939999,49.25,46.93,48.919998,45.577122,21801900.0,2020-04-14
47.709999,48.400002,47.41,47.610001,44.356636,12893200.0,2020-04-15
47.400002,47.849998,46.759998,47.099998,43.881485,17606800.0,2020-04-16
48.299999,48.299999,47.369999,48.060001,44.77589,19844600.0,2020-04-17
47.790001,48.0,46.310001,46.529999,43.350437,18957900.0,2020-04-20
45.880001,46.900002,44.259998,45.380001,42.279022,26863700.0,2020-04-21
46.049999,46.150002,45.5,45.68,42.558525,15811600.0,2020-04-22
45.950001,46.099998,44.970001,45.07,41.990204,17668200.0,2020-04-23
45.5,45.75,45.119999,45.43,42.325603,15175000.0,2020-04-24
46.0,46.98,45.709999,46.779999,43.583351,19175500.0,2020-04-27
47.900002,48.0,46.57,46.740002,43.546093,17246700.0,2020-04-28
47.27,47.860001,46.880001,47.119999,43.90012,15780000.0,2020-04-29
47.0,47.0,45.700001,45.889999,42.754169,20801100.0,2020-04-30
45.619999,46.389999,45.209999,45.599998,42.483986,14290400.0,2020-05-01
45.32,45.48,44.599998,45.139999,42.055416,22544200.0,2020-05-04
45.360001,46.099998,45.150002,45.400002,42.297657,13370500.0,2020-05-05
45.400002,45.630001,44.720001,44.75,41.69207,11892900.0,2020-05-06
45.150002,45.240002,44.5,44.599998,41.552319,16466000.0,2020-05-07
45.080002,46.220001,44.880001,46.110001,42.959137,13985100.0,2020-05-08
45.689999,46.110001,45.52,45.540001,42.428085,10874600.0,2020-05-11
45.599998,45.849998,44.799999,44.82,41.75729,13424400.0,2020-05-12
44.709999,44.779999,43.52,43.939999,40.937416,15854800.0,2020-05-13
43.380001,44.060001,43.23,43.700001,40.713821,18000800.0,2020-05-14
43.959999,44.689999,43.200001,43.259998,40.303886,31579400.0,2020-05-15
44.82,45.389999,44.130001,44.970001,41.897038,26118500.0,2020-05-18
45.009998,45.330002,44.25,44.540001,41.496426,17839900.0,2020-05-19
45.200001,46.169998,45.02,45.889999,42.754169,22295900.0,2020-05-20
46.080002,46.09,45.029999,45.169998,42.083363,13193500.0,2020-05-21
45.220001,45.310001,44.650002,45.029999,41.952938,13008400.0,2020-05-22
46.919998,46.93,45.93,46.09,42.94051,22223100.0,2020-05-26
47.0,47.09,46.169998,46.73,43.536766,18447600.0,2020-05-27
47.299999,47.459999,46.82,47.09,43.872169,16230600.0,2020-05-28
46.68,47.189999,46.139999,46.68,43.490185,51125000.0,2020-05-29
46.66,47.23,46.59,46.990002,43.779007,17010700.0,2020-06-01
47.16,47.279999,46.560001,46.900002,43.69516,15255100.0,2020-06-02
47.27,48.119999,47.119999,47.900002,44.626816,15508300.0,2020-06-03
47.939999,48.27,47.380001,47.919998,44.645451,13604700.0,2020-06-04
48.540001,49.490002,48.459999,49.09,45.7355,20504800.0,2020-06-05
49.540001,49.970001,49.470001,49.849998,46.443569,19896700.0,2020-06-08
49.59,49.59,48.68,49.0,45.651653,16713700.0,2020-06-09
49.16,49.27,48.57,48.619999,45.297619,15716600.0,2020-06-10
47.810001,47.919998,45.459999,45.540001,42.428085,26070400.0,2020-06-11
46.209999,46.25,45.009998,45.599998,42.869949,21822700.0,2020-06-12
44.57,46.450001,44.470001,46.299999,43.528038,15622300.0,2020-06-15
47.560001,47.689999,46.189999,46.77,43.969906,18803500.0,2020-06-16
46.779999,47.060001,46.439999,46.580002,43.791275,12602800.0,2020-06-17
46.299999,47.040001,46.07,46.990002,44.176735,9380800.0,2020-06-18
47.77,47.790001,46.02,46.02,43.264797,30464600.0,2020-06-19
46.029999,46.150002,45.380001,45.740002,43.001568,20876200.0,2020-06-22
46.0,46.290001,45.580002,45.639999,42.907558,14675300.0,2020-06-23
45.369999,45.439999,44.5,44.650002,41.97683,17631800.0,2020-06-24
44.470001,44.98,44.029999,44.93,42.240063,13829700.0,2020-06-25
44.919998,45.009998,43.509998,43.57,40.961483,21955100.0,2020-06-26
44.0,44.57,43.549999,44.360001,41.704185,17603900.0,2020-06-29
44.25,44.830002,44.040001,44.68,42.005032,23679800.0,2020-06-30
44.93,45.529999,44.709999,44.82,42.13665,14316500.0,2020-07-01
45.290001,45.43,44.799999,44.880001,42.193058,15111900.0,2020-07-02
45.139999,45.27,44.610001,45.23,42.522102,15146000.0,2020-07-06
45.0,45.5,44.799999,45.209999,42.5033,13043600.0,2020-07-07
45.139999,45.18,44.470001,45.07,42.371681,13851200.0,2020-07-08
45.049999,45.049999,43.830002,43.91,41.281136,16087100.0,2020-07-09
43.880001,45.25,43.860001,45.150002,42.446896,15627800.0,2020-07-10
45.529999,45.68,44.959999,45.25,42.540905,16705300.0,2020-07-13
44.91,45.939999,44.669998,45.869999,43.123783,17080100.0,2020-07-14
46.299999,47.189999,46.200001,46.400002,43.622059,23738000.0,2020-07-15
46.259998,46.689999,45.939999,46.150002,43.38702,13306100.0,2020-07-16
46.470001,46.91,46.130001,46.82,44.016911,13899800.0,2020-07-17
46.720001,46.830002,45.849998,46.119999,43.35881,16633200.0,2020-07-20
47.52,47.990002,46.93,47.200001,44.374153,25681500.0,2020-07-21
47.93,48.52,47.029999,48.48,45.577522,29831200.0,2020-07-22
48.470001,48.57,48.029999,48.279999,45.389496,15935000.0,2020-07-23
48.400002,48.799999,48.07,48.490002,45.586933,16196800.0,2020-07-24
48.18,48.509998,48.18,48.48,45.577522,17346500.0,2020-07-27
48.34,49.279999,48.099998,48.18,45.295483,13872700.0,2020-07-28
48.139999,48.5,47.82,48.02,45.145065,13758100.0,2020-07-29
47.669998,48.23,47.200001,47.689999,44.83482,17276500.0,2020-07-30
47.439999,47.77,46.73,47.240002,44.411762,14849200.0,2020-07-31
47.139999,47.360001,46.23,46.299999,43.528038,14137500.0,2020-08-03
46.290001,46.860001,46.220001,46.689999,43.894691,11717200.0,2020-08-04
46.900002,47.27,46.810001,47.220001,44.392963,10498700.0,2020-08-05
46.66,47.529999,46.599998,47.48,44.637402,10745000.0,2020-08-06
47.470001,48.080002,47.209999,47.799999,44.938236,11669700.0,2020-08-07
48.060001,48.279999,47.66,47.720001,44.863026,11888000.0,2020-08-10
48.459999,48.650002,47.700001,47.93,45.060459,16531600.0,2020-08-11
48.299999,48.689999,48.119999,48.43,45.530518,9562200.0,2020-08-12
48.259998,48.73,48.060001,48.380001,45.483509,9882900.0,2020-08-13
48.34,48.689999,48.029999,48.450001,45.54932,10075800.0,2020-08-14
48.32,48.75,48.200001,48.209999,45.323696,9102400.0,2020-08-17
48.200001,48.5,47.959999,48.419998,45.521118,9829000.0,2020-08-18
48.119999,48.380001,47.220001,47.369999,44.533981,17371000.0,2020-08-19
47.27,47.599998,47.09,47.349998,44.515179,11308700.0,2020-08-20
47.34,47.5,46.970001,47.279999,44.449368,14734100.0,2020-08-21
47.43,47.98,47.18,47.970001,45.098057,9257700.0,2020-08-24
48.0,48.049999,47.650002,47.91,45.041649,7827800.0,2020-08-25
47.759998,48.18,47.470001,48.16,45.276688,10124200.0,2020-08-26
48.25,48.82,48.200001,48.23,45.342491,10931600.0,2020-08-27
48.75,49.849998,48.529999,49.830002,46.846699,16420300.0,2020-08-28
49.799999,50.07,49.349998,49.529999,46.564663,18510800.0,2020-08-31
49.310001,49.349998,48.830002,49.119999,46.179207,12588400.0,2020-09-01
49.360001,51.360001,49.360001,51.189999,48.125278,26332600.0,2020-09-02
51.400002,52.139999,50.099998,50.48,47.457783,22289400.0,2020-09-03
50.939999,51.470001,50.279999,51.040001,47.984261,21019500.0,2020-09-04
50.93,51.040001,49.360001,49.810001,46.8279,17776700.0,2020-09-08
49.599998,50.759998,49.549999,50.189999,47.185146,15252300.0,2020-09-09
50.349998,50.68,49.950001,50.0,47.006523,15439500.0,2020-09-10
50.400002,51.200001,50.099998,51.060001,48.003063,18272300.0,2020-09-11
50.970001,51.23,50.57,50.709999,48.059925,10911700.0,2020-09-14
51.0,51.380001,50.84,51.049999,48.382156,12838400.0,2020-09-15
50.950001,51.450001,50.740002,50.790001,48.13575,15353900.0,2020-09-16
50.220001,50.630001,49.939999,50.549999,47.908287,13287100.0,2020-09-17
50.75,51.16,50.209999,50.450001,47.813515,23816600.0,2020-09-18
49.75,50.02,48.610001,49.09,46.524586,17514800.0,2020-09-21
49.110001,50.040001,49.07,49.66,47.064793,13034600.0,2020-09-22
49.73,49.919998,48.169998,48.209999,45.690578,17121200.0,2020-09-23
48.209999,49.099998,47.560001,48.700001,46.154972,16788100.0,2020-09-24
48.200001,48.759998,47.98,48.720001,46.173927,12603400.0,2020-09-25
49.310001,49.709999,49.139999,49.279999,46.704659,11215700.0,2020-09-28
49.389999,49.560001,48.91,48.919998,46.363476,12426600.0,2020-09-29
49.27,49.619999,48.889999,49.369999,46.789951,15755900.0,2020-09-30
49.439999,49.66,48.59,49.18,46.609886,17577300.0,2020-10-01
48.759998,49.580002,48.549999,49.360001,46.780479,13610100.0,2020-10-02
49.43,49.549999,49.119999,49.380001,46.799431,10628700.0,2020-10-05
49.549999,49.73,48.830002,48.939999,46.382423,10077400.0,2020-10-06
49.02,49.759998,48.950001,49.560001,46.970032,10135600.0,2020-10-07
49.709999,50.540001,49.540001,50.459999,47.822987,12143900.0,2020-10-08
50.669998,51.23,50.599998,50.810001,48.154701,11407800.0,2020-10-09
50.84,51.529999,50.830002,51.09,48.420067,11386500.0,2020-10-12
50.990002,50.990002,49.900002,50.220001,47.595535,14365300.0,2020-10-13
50.049999,50.490002,49.650002,50.119999,47.500763,10582100.0,2020-10-14
49.400002,50.130001,49.299999,49.990002,47.377556,9961700.0,2020-10-15
49.990002,50.349998,49.869999,50.029999,47.415462,13569800.0,2020-10-16
50.029999,50.48,49.459999,49.619999,47.02689,9930400.0,2020-10-19
49.889999,50.619999,49.790001,50.25,47.623966,10970700.0,2020-10-20
49.959999,50.43,49.77,49.990002,47.377556,12517400.0,2020-10-21
51.169998,51.200001,50.380001,50.68,48.031498,20189200.0,2020-10-22
51.0,51.18,50.470001,50.52,47.87986,13491300.0,2020-10-23
50.34,50.509998,49.200001,49.799999,47.197479,14696400.0,2020-10-26
49.810001,50.290001,49.549999,49.900002,47.292259,13892100.0,2020-10-27
49.0,49.150002,47.779999,47.959999,45.45364,19886200.0,2020-10-28
47.73,48.48,47.299999,48.02,45.510506,15369900.0,2020-10-29
47.810001,48.119999,47.369999,48.060001,45.548416,15804000.0,2020-10-30
48.75,48.950001,48.240002,48.619999,46.079147,15156100.0,2020-11-02
49.220001,49.959999,49.0,49.349998,46.770996,15285100.0,2020-11-03
49.43,50.209999,49.080002,49.169998,46.600403,12930800.0,2020-11-04
49.759998,50.209999,49.34,49.439999,46.856293,12452400.0,2020-11-05
49.650002,49.990002,49.25,49.450001,46.865772,9294900.0,2020-11-06
52.5,53.259998,52.07,52.57,49.822723,33442000.0,2020-11-09
52.57,54.279999,52.450001,53.98,51.159039,29706700.0,2020-11-10
53.93,54.299999,53.330002,53.580002,50.779942,17399900.0,2020-11-11
53.049999,53.209999,52.610001,53.009998,50.239731,15024400.0,2020-11-12
53.25,53.5,52.889999,53.450001,50.656734,12447900.0,2020-11-13
54.5,54.619999,53.279999,53.849998,51.035831,14908200.0,2020-11-16
53.66,53.75,53.029999,53.68,50.87471,14248400.0,2020-11-17
53.75,54.02,52.560001,52.610001,49.860634,15278200.0,2020-11-18
52.490002,53.23,51.950001,53.130001,50.353462,17189500.0,2020-11-19
53.189999,53.25,52.59,52.669998,49.9175,15645600.0,2020-11-20
52.950001,53.169998,52.200001,52.68,49.926975,13191900.0,2020-11-23
53.139999,53.59,53.02,53.220001,50.438755,13827600.0,2020-11-24
53.07,53.279999,52.790001,52.93,50.163914,10194800.0,2020-11-25
53.110001,53.189999,52.610001,52.700001,49.945934,8499300.0,2020-11-27
52.09,52.189999,51.080002,51.599998,49.286861,43203600.0,2020-11-30
52.139999,52.330002,51.790001,52.040001,49.707138,18968800.0,2020-12-01
51.900002,52.130001,51.639999,52.110001,49.774002,14913100.0,2020-12-02
51.900002,52.939999,51.900002,52.779999,50.413963,17318900.0,2020-12-03
52.779999,53.869999,52.759998,53.849998,51.435997,18122400.0,2020-12-04
53.759998,53.779999,52.700001,52.990002,50.614555,16210900.0,2020-12-07
52.939999,53.48,52.790001,53.18,50.796036,12485800.0,2020-12-08
53.369999,53.599998,53.0,53.330002,50.939312,11508400.0,2020-12-09
53.400002,53.509998,52.98,53.049999,50.671864,12097300.0,2020-12-10
52.799999,53.540001,52.779999,53.349998,50.958412,10638100.0,2020-12-11
53.650002,53.84,53.18,53.27,50.882,22292000.0,2020-12-14
53.790001,54.220001,53.599998,53.84,51.426449,16193700.0,2020-12-15
53.599998,53.799999,52.939999,53.060001,50.681416,15679600.0,2020-12-16
53.299999,53.709999,53.150002,53.27,50.882,12677300.0,2020-12-17
53.080002,53.84,52.619999,53.740002,51.330933,35480100.0,2020-12-18
52.68,53.0,51.98,52.810001,50.442623,14926600.0,2020-12-21
52.810001,53.18,52.389999,52.759998,50.394859,9689500.0,2020-12-22
52.950001,53.389999,52.939999,53.080002,50.70052,7040300.0,2020-12-23
53.02,53.549999,53.02,53.439999,51.044376,3265500.0,2020-12-24
53.849998,54.439999,53.73,54.16,51.732109,9020500.0,2020-12-28
54.450001,54.490002,54.02,54.130001,51.703449,8320600.0,2020-12-29
54.049999,54.630001,54.029999,54.439999,51.99955,8142700.0,2020-12-30
54.450001,54.93,54.27,54.84,52.381618,8495000.0,2020-12-31
54.27,54.630001,52.029999,52.759998,50.394859,25611100.0,2021-01-04
52.330002,52.619999,52.029999,52.18,49.840866,20323800.0,2021-01-05
51.970001,52.02,50.189999,50.52,48.25528,38724500.0,2021-01-06
50.09,50.259998,49.52,49.959999,47.720379,53225700.0,2021-01-07
50.029999,51.130001,49.84,51.080002,48.79018,29674000.0,2021-01-08
50.619999,50.860001,49.950001,50.200001,47.949627,19304400.0,2021-01-11
50.040001,50.369999,49.759998,50.110001,47.863659,18538700.0,2021-01-12
49.98,50.360001,49.950001,50.16,47.911419,18864100.0,2021-01-13
50.16,50.18,49.220001,49.23,47.023106,34303600.0,2021-01-14
49.16,49.18,48.529999,48.700001,46.516865,24366800.0,2021-01-15
48.740002,49.040001,48.240002,48.509998,46.335381,29114500.0,2021-01-19
48.540001,48.82,48.310001,48.68,46.497761,23115800.0,2021-01-20
48.779999,49.09,48.459999,48.950001,46.755657,19702500.0,2021-01-21
48.810001,48.939999,48.490002,48.490002,46.316277,15400300.0,2021-01-22
48.419998,48.84,48.240002,48.779999,46.593273,16604200.0,2021-01-25
48.91,49.400002,48.610001,49.290001,47.080418,12922600.0,2021-01-26
48.889999,49.32,48.23,48.529999,46.354488,21242400.0,2021-01-27
48.689999,49.5,48.610001,49.150002,46.946693,17498900.0,2021-01-28
49.029999,49.119999,48.110001,48.150002,45.99152,18670300.0,2021-01-29
48.27,48.689999,48.18,48.48,46.306721,12183600.0,2021-02-01
48.799999,49.349998,48.630001,48.959999,46.765205,13319800.0,2021-02-02
48.950001,49.09,48.669998,48.77,46.583725,12274100.0,2021-02-03
48.959999,49.07,48.650002,49.009998,46.812962,20597400.0,2021-02-04
49.5,49.779999,49.27,49.650002,47.424282,12742000.0,2021-02-05
49.959999,50.169998,49.490002,49.919998,47.682175,17833200.0,2021-02-08
49.849998,50.02,49.630001,49.700001,47.472034,14592900.0,2021-02-09
50.41,50.580002,49.529999,49.599998,47.376518,22965400.0,2021-02-10
49.810001,50.59,49.799999,50.299999,48.045139,21928600.0,2021-02-11
50.57,50.849998,50.389999,50.689999,48.417656,13137100.0,2021-02-12
50.619999,50.720001,50.16,50.27,48.016491,15093400.0,2021-02-16
50.0,50.490002,49.889999,50.130001,47.882759,12794300.0,2021-02-17
50.16,50.849998,50.029999,50.77,48.494072,12747100.0,2021-02-18
50.790001,50.830002,49.970001,50.110001,47.863659,15968800.0,2021-02-19
49.849998,50.880001,49.669998,50.630001,48.360348,14370900.0,2021-02-22
51.0,51.509998,50.419998,50.540001,48.27438,16222300.0,2021-02-23
50.389999,50.900002,50.130001,50.709999,48.43676,14442000.0,2021-02-24
50.470001,50.75,49.98,50.169998,47.920963,14211100.0,2021-02-25
50.200001,50.209999,48.970001,48.990002,46.793865,23638400.0,2021-02-26
49.439999,50.439999,49.400002,49.900002,47.663071,13901200.0,2021-03-01
49.84,50.560001,49.700001,50.099998,47.854107,11755100.0,2021-03-02
49.720001,50.560001,49.709999,49.98,47.739491,15410700.0,2021-03-03
50.310001,51.09,49.619999,49.939999,47.701279,22036400.0,2021-03-04
50.049999,50.950001,49.900002,50.790001,48.513176,21310800.0,2021-03-05
51.470001,52.490002,51.16,51.639999,49.325062,25084900.0,2021-03-08
51.720001,51.880001,50.82,50.860001,48.580036,23082700.0,2021-03-09
51.18,51.630001,50.720001,51.439999,49.134033,21331600.0,2021-03-10
51.41,51.43,50.810001,50.880001,48.59914,17417700.0,2021-03-11
50.59,50.68,50.200001,50.360001,48.502827,17598600.0,2021-03-12
50.5,51.119999,50.470001,51.029999,49.148121,13411900.0,2021-03-15
51.200001,51.52,51.040001,51.220001,49.331108,14214200.0,2021-03-16
51.25,51.619999,51.150002,51.240002,49.35038,17502700.0,2021-03-17
51.060001,51.189999,50.490002,50.57,48.705082,18007300.0,2021-03-18
50.459999,51.080002,50.169998,50.810001,48.93623,67845700.0,2021-03-19
50.32,51.080002,50.32,51.0,49.119225,17911400.0,2021-03-22
50.990002,51.650002,50.830002,51.389999,49.494843,16936700.0,2021-03-23
51.169998,51.889999,51.150002,51.52,49.620049,14997400.0,2021-03-24
51.700001,52.060001,51.169998,52.02,50.101604,17091900.0,2021-03-25
52.139999,53.110001,51.759998,53.040001,51.083996,17126700.0,2021-03-26
52.73,53.939999,52.709999,53.849998,51.864124,17514100.0,2021-03-29
53.75,53.790001,52.93,53.150002,51.189934,14871800.0,2021-03-30
53.029999,53.169998,52.5,52.709999,50.766163,15826500.0,2021-03-31
52.959999,53.150002,52.459999,52.509998,50.57354,15834700.0,2021-04-01
52.349998,53.220001,52.290001,52.810001,50.86248,16368700.0,2021-04-05
53.040001,53.650002,52.900002,53.189999,51.228462,15614300.0,2021-04-06
53.279999,53.5,53.119999,53.279999,51.315144,10062700.0,2021-04-07
53.169998,53.380001,52.970001,53.119999,51.161045,9695600.0,2021-04-08
53.169998,53.279999,52.810001,53.18,51.21883,10828200.0,2021-04-09
53.330002,53.549999,53.099998,53.349998,51.382561,8565300.0,2021-04-12
53.040001,53.290001,52.810001,53.09,51.132149,11071700.0,2021-04-13
52.98,53.189999,52.650002,53.080002,51.12252,9787600.0,2021-04-14
53.130001,53.66,53.119999,53.330002,51.3633,13078100.0,2021-04-15
53.740002,53.799999,53.380001,53.68,51.700394,17974100.0,2021-04-16
54.0,54.360001,53.299999,54.0,52.008591,19352900.0,2021-04-19
53.84,54.59,53.810001,54.169998,52.172321,14419200.0,2021-04-20
54.240002,54.740002,54.240002,54.610001,52.596096,13866500.0,2021-04-21
54.470001,54.869999,54.32,54.439999,52.432362,12558900.0,2021-04-22
54.400002,54.59,54.169998,54.470001,52.461262,9020500.0,2021-04-23
54.470001,54.509998,53.580002,53.66,51.681129,11684600.0,2021-04-26
53.560001,53.700001,53.32,53.580002,51.604084,9852400.0,2021-04-27
53.98,54.049999,53.439999,53.59,51.613708,10868100.0,2021-04-28
53.540001,54.360001,53.43,54.259998,52.259003,15391000.0,2021-04-29
54.25,54.27,53.689999,53.98,51.989326,14912600.0,2021-04-30
54.27,54.799999,54.16,54.48,52.470886,10417900.0,2021-05-03
54.57,54.619999,53.939999,54.139999,52.143429,14151000.0,2021-05-04
54.139999,54.240002,53.709999,54.0,52.008591,9665900.0,2021-05-05
54.119999,54.610001,54.049999,54.540001,52.528679,11572700.0,2021-05-06
54.439999,54.77,54.16,54.509998,52.499783,10637500.0,2021-05-07
54.880001,55.5,54.830002,54.91,52.885033,15545800.0,2021-05-10
55.029999,55.139999,54.049999,54.32,52.316788,12986700.0,2021-05-11
54.360001,54.560001,53.880001,54.040001,52.047119,15836500.0,2021-05-12
53.970001,54.779999,53.830002,54.509998,52.499783,15475800.0,2021-05-13
54.900002,55.099998,54.689999,54.73,52.71167,11725300.0,2021-05-14
54.84,55.02,54.5,54.639999,52.624989,12119800.0,2021-05-17
54.389999,54.560001,54.099998,54.34,52.336052,13232500.0,2021-05-18
54.119999,54.18,53.610001,54.169998,52.172321,15126100.0,2021-05-19
54.119999,54.799999,54.119999,54.650002,52.634621,10948400.0,2021-05-20
54.799999,55.119999,54.220001,54.619999,52.605728,16033200.0,2021-05-21
54.630001,54.93,54.490002,54.799999,52.779095,10326100.0,2021-05-24
54.82,54.82,54.349998,54.790001,52.769463,11916500.0,2021-05-25
54.98,55.049999,54.59,55.029999,53.000607,16064300.0,2021-05-26
55.209999,55.57,54.779999,55.490002,53.443642,59109600.0,2021-05-27
55.349998,55.709999,55.200001,55.290001,53.251022,17011600.0,2021-05-28
55.34,55.650002,55.099998,55.279999,53.241383,13304000.0,2021-06-01
55.5,55.560001,55.259998,55.5,53.453274,11328500.0,2021-06-02
55.18,55.740002,55.099998,55.639999,53.588108,17364300.0,2021-06-03
55.900002,56.48,55.779999,56.240002,54.165985,18935100.0,2021-06-04
56.310001,56.34,55.810001,56.040001,53.973362,14010800.0,2021-06-07
56.25,56.25,55.549999,55.650002,53.597744,10968300.0,2021-06-08
55.75,55.919998,55.48,55.48,53.434013,9838800.0,2021-06-09
55.91,56.119999,55.759998,55.91,53.848152,12444400.0,2021-06-10
55.990002,56.209999,55.66,56.16,54.088936,11825800.0,2021-06-11
55.689999,55.709999,55.200001,55.549999,53.904564,9710800.0,2021-06-14
55.779999,55.790001,55.189999,55.41,53.768707,11154200.0,2021-06-15
55.439999,55.459999,54.639999,54.669998,53.050629,15211700.0,2021-06-16
54.669998,55.150002,54.650002,54.950001,53.322338,10658400.0,2021-06-17
54.509998,54.619999,53.720001,53.77,52.177284,31445600.0,2021-06-18
54.220001,54.43,54.0,54.360001,52.749809,14404300.0,2021-06-21
54.34,54.849998,54.259998,54.560001,52.943893,13072800.0,2021-06-22
54.560001,54.599998,54.110001,54.119999,52.516918,12339200.0,2021-06-23
54.259998,54.419998,54.0,54.389999,52.778923,11488400.0,2021-06-24
54.240002,54.470001,54.009998,54.32,52.710999,18880300.0,2021-06-25
54.25,54.369999,54.0,54.259998,52.652775,10556900.0,2021-06-28
54.130001,54.34,53.720001,53.860001,52.264622,12300900.0,2021-06-29
53.799999,54.18,53.75,54.110001,52.507217,14614200.0,2021-06-30
54.34,54.48,53.860001,53.959999,52.36166,13214700.0,2021-07-01
54.0,54.450001,54.0,54.18,52.575142,10604600.0,2021-07-02
53.990002,54.09,53.549999,53.880001,52.284031,15278200.0,2021-07-06
53.720001,54.380001,53.720001,54.32,52.710999,14377700.0,2021-07-07
54.009998,54.169998,53.740002,54.130001,52.526627,11943900.0,2021-07-08
54.25,54.52,54.18,54.459999,52.846848,10847000.0,2021-07-09
54.32,54.599998,54.27,54.48,52.866257,15107600.0,2021-07-12
54.950001,55.299999,54.75,55.02,53.390263,15170800.0,2021-07-13
55.02,56.349998,54.959999,56.259998,54.593529,22002700.0,2021-07-14
56.240002,56.470001,55.91,56.439999,54.768196,15068200.0,2021-07-15
56.459999,56.68,56.259998,56.400002,54.729389,14860500.0,2021-07-16
56.080002,56.349998,55.16,55.73,54.079231,19527000.0,2021-07-19
55.73,56.330002,55.52,55.830002,54.17627,16257900.0,2021-07-20
57.330002,57.560001,56.43,56.549999,54.874943,20918200.0,2021-07-21
56.619999,56.740002,56.049999,56.470001,54.797314,13402700.0,2021-07-22
56.59,57.330002,56.450001,57.009998,55.321316,12144000.0,2021-07-23
56.889999,57.119999,56.560001,57.060001,55.369839,8681100.0,2021-07-26
57.110001,57.540001,56.919998,57.259998,55.563911,12794400.0,2021-07-27
56.990002,57.16,56.630001,56.740002,55.059315,9858000.0,2021-07-28
57.07,57.25,56.860001,57.049999,55.360134,9599100.0,2021-07-29
57.150002,57.25,56.900002,57.029999,55.340721,11727000.0,2021-07-30
57.200001,57.240002,56.709999,56.880001,55.195171,9778000.0,2021-08-02
57.0,57.0,56.75,56.919998,55.233982,8825500.0,2021-08-03
56.75,56.950001,56.009998,56.099998,54.438271,11888400.0,2021-08-04
56.439999,56.59,56.290001,56.5,54.82642,9806800.0,2021-08-05
56.599998,56.740002,56.439999,56.639999,54.96228,10409300.0,2021-08-06
56.799999,56.880001,56.43,56.650002,54.971981,8859900.0,2021-08-09
56.84,57.169998,56.66,56.799999,55.117538,10906900.0,2021-08-10
56.889999,57.18,56.709999,56.73,55.049606,8370700.0,2021-08-11
56.73,56.98,56.73,56.84,55.156353,6169200.0,2021-08-12
56.810001,57.299999,56.77,57.23,55.534801,7714200.0,2021-08-13
57.200001,57.490002,57.029999,57.48,55.777393,7972000.0,2021-08-16
57.459999,57.560001,57.009998,57.279999,55.583321,10346400.0,2021-08-17
57.189999,57.23,56.419998,56.5,54.82642,13873700.0,2021-08-18
56.060001,56.98,55.950001,56.860001,55.175758,9223700.0,2021-08-19
56.84,57.029999,56.580002,56.639999,54.96228,10543600.0,2021-08-20
56.669998,56.75,56.380001,56.439999,54.768196,8912800.0,2021-08-23
56.639999,56.639999,55.900002,56.009998,54.350941,12067200.0,2021-08-24
56.060001,56.169998,55.73,56.07,54.409161,11270700.0,2021-08-25
55.950001,55.98,55.509998,55.540001,53.894863,10331500.0,2021-08-26
55.66,55.790001,55.450001,55.650002,54.001602,8844100.0,2021-08-27
55.689999,56.200001,55.639999,56.18,54.515903,10034700.0,2021-08-30
56.16,56.52,56.0,56.310001,54.642056,14185700.0,2021-08-31
56.380001,56.799999,56.279999,56.689999,55.010796,9518900.0,2021-09-01
56.77,57.029999,56.41,56.77,55.088428,11653200.0,2021-09-02
56.459999,56.77,56.25,56.73,55.049606,13220400.0,2021-09-03
56.599998,56.689999,55.509998,55.669998,54.021008,20035300.0,2021-09-07
55.610001,56.48,55.610001,56.419998,54.748795,12040100.0,2021-09-08
56.18,56.419998,55.799999,55.860001,54.205379,12545400.0,2021-09-09
56.009998,56.130001,55.52,55.610001,53.962788,10573700.0,2021-09-10
55.740002,56.400002,55.740002,56.07,54.409161,20274300.0,2021-09-13
55.919998,55.98,55.549999,55.689999,54.448265,13918900.0,2021-09-14
55.68,56.0,55.419998,55.880001,54.634033,15746000.0,2021-09-15
55.720001,55.990002,54.82,55.349998,54.115849,17430400.0,2021-09-16
55.02,55.189999,54.369999,54.439999,53.226139,33370200.0,2021-09-17
54.110001,54.400002,53.73,54.060001,52.854614,27542500.0,2021-09-20
54.389999,54.82,53.939999,54.049999,52.844833,16418200.0,2021-09-21
54.509998,54.560001,54.060001,54.130001,52.923054,12719700.0,2021-09-22
54.259998,54.619999,54.0,54.040001,52.835064,13836200.0,2021-09-23
54.0,54.240002,53.860001,53.889999,52.6884,9682200.0,2021-09-24
53.849998,54.25,53.57,53.610001,52.414646,12429500.0,2021-09-27
53.459999,53.459999,52.43,52.639999,51.466274,19926100.0,2021-09-28
52.639999,53.16,52.560001,52.959999,51.77914,13941500.0,2021-09-29
53.169998,53.330002,52.43,52.470001,51.300068,17672000.0,2021-09-30
52.779999,53.200001,52.57,53.02,51.837799,16277400.0,2021-10-01
53.060001,53.529999,52.400002,52.990002,51.808475,18973400.0,2021-10-04
53.02,53.470001,52.93,53.080002,51.896465,17173100.0,2021-10-05
52.77,53.77,52.509998,53.709999,52.512417,21284500.0,2021-10-06
53.990002,54.279999,53.810001,53.880001,52.678627,13774400.0,2021-10-07
54.0,54.389999,53.900002,54.119999,52.913277,13786800.0,2021-10-08
54.209999,54.389999,54.009998,54.23,53.020821,12378500.0,2021-10-11
54.419998,54.830002,54.220001,54.23,53.020821,19474400.0,2021-10-12
54.169998,54.43,53.790001,54.240002,53.030598,12143300.0,2021-10-13
54.389999,54.810001,54.310001,54.610001,53.392349,13704000.0,2021-10-14
54.639999,54.880001,54.290001,54.48,53.265247,17867000.0,2021-10-15
54.349998,54.389999,53.860001,53.939999,52.737286,15861800.0,2021-10-18
54.040001,54.200001,53.77,54.150002,52.942608,11068500.0,2021-10-19
54.18,54.759998,54.110001,54.630001,53.411903,12474800.0,2021-10-20
54.599998,54.669998,54.209999,54.349998,53.138145,14388300.0,2021-10-21
54.389999,54.529999,54.07,54.450001,53.235916,12828600.0,2021-10-22
54.380001,54.470001,54.02,54.23,53.020821,11855000.0,2021-10-25
54.32,54.580002,54.23,54.470001,53.25547,12086700.0,2021-10-26
55.970001,56.080002,55.27,55.52,54.282059,24019800.0,2021-10-27
55.75,56.110001,55.619999,56.040001,54.790462,15928000.0,2021-10-28
55.869999,56.470001,55.779999,56.369999,55.113106,24463700.0,2021-10-29
56.389999,56.400002,55.900002,56.169998,54.917564,11651100.0,2021-11-01
56.470001,56.5,55.970001,56.099998,54.849125,11498900.0,2021-11-02
56.0,56.330002,55.779999,56.290001,55.034889,10788300.0,2021-11-03
56.110001,56.630001,56.029999,56.599998,55.337978,10820200.0,2021-11-04
56.84,57.16,56.59,56.84,55.572628,12886700.0,2021-11-05
56.75,56.889999,56.130001,56.330002,55.073997,12828000.0,2021-11-08
56.41,56.52,56.09,56.490002,55.230431,10155800.0,2021-11-09
56.540001,56.919998,56.290001,56.720001,55.455303,8813600.0,2021-11-10
56.830002,56.880001,56.57,56.740002,55.474857,7257700.0,2021-11-11
56.75,56.990002,56.549999,56.610001,55.347755,10162500.0,2021-11-12
56.529999,56.68,56.27,56.619999,55.357529,10289200.0,2021-11-15
56.619999,56.939999,56.189999,56.220001,54.966454,13756500.0,2021-11-16
56.040001,56.049999,55.650002,55.91,54.663361,13288700.0,2021-11-17
55.830002,55.93,55.139999,55.41,54.174511,15380100.0,2021-11-18
55.439999,55.490002,54.900002,55.130001,53.900757,15813700.0,2021-11-19
55.099998,56.02,55.080002,55.470001,54.233177,16905600.0,2021-11-22
55.66,56.110001,55.5,55.880001,54.634033,13835900.0,2021-11-23
55.709999,55.84,55.029999,55.43,54.194069,12598900.0,2021-11-24
54.59,54.75,53.580002,53.73,52.531971,14754300.0,2021-11-26
54.049999,54.73,53.93,54.580002,53.363022,22712500.0,2021-11-29
53.599998,53.630001,52.439999,52.450001,51.678185,30485200.0,2021-11-30
52.98,53.52,52.279999,52.299999,51.530392,18719600.0,2021-12-01
52.599998,53.34,52.509998,53.07,52.289059,17074200.0,2021-12-02
53.330002,53.610001,52.98,53.540001,52.752144,21064400.0,2021-12-03
54.310001,55.25,54.139999,54.91,54.101982,26624100.0,2021-12-06
55.02,55.419998,54.849998,55.209999,54.397568,23832700.0,2021-12-07
55.119999,55.349998,54.360001,55.0,54.190659,18026300.0,2021-12-08
54.75,55.130001,54.59,54.860001,54.052719,13846400.0,2021-12-09
55.25,56.32,55.07,56.279999,55.451824,23153600.0,2021-12-10
56.98,57.93,56.959999,57.759998,56.910042,31362800.0,2021-12-13
57.400002,58.169998,57.400002,57.799999,56.949455,24806600.0,2021-12-14
57.93,58.25,57.650002,58.060001,57.205631,24923800.0,2021-12-15
57.98,58.880001,57.900002,58.650002,57.786949,24696900.0,2021-12-16
58.490002,58.919998,57.700001,57.73,56.880486,51874400.0,2021-12-17
57.200001,57.779999,57.0,57.540001,56.693283,20879500.0,2021-12-20
57.610001,57.970001,57.529999,57.77,56.919899,15864900.0,2021-12-21
57.709999,58.189999,57.490002,58.18,57.323864,12447400.0,2021-12-22
58.52,58.610001,57.939999,58.220001,57.363274,11027300.0,2021-12-23
58.0,58.689999,58.0,58.650002,57.786949,9860000.0,2021-12-27
58.400002,58.939999,58.299999,58.880001,58.013565,8979900.0,2021-12-28
58.950001,59.099998,58.66,58.950001,58.082535,9996000.0,2021-12-29
59.060001,59.23,58.759998,58.779999,57.915031,7703900.0,2021-12-30
58.75,59.349998,58.700001,59.209999,58.338707,10021300.0,2021-12-31
58.82,59.310001,58.380001,59.299999,58.427383,20187300.0,2022-01-03
59.73,60.540001,59.59,60.290001,59.402813,26141600.0,2022-01-04
60.09,61.200001,60.049999,60.790001,59.895454,22507300.0,2022-01-05
60.470001,61.119999,60.439999,60.470001,59.58017,17902300.0,2022-01-06
60.279999,60.720001,60.060001,60.330002,59.44223,12307900.0,2022-01-07
60.549999,60.82,60.18,60.43,59.540752,20954300.0,2022-01-10
60.43,60.490002,59.84,60.450001,59.560463,19369600.0,2022-01-11
60.529999,60.689999,60.189999,60.540001,59.649136,15753800.0,2022-01-12
60.540001,61.040001,60.389999,60.900002,60.003838,14318000.0,2022-01-13
60.939999,61.450001,60.360001,61.389999,60.486629,19729600.0,2022-01-14
61.060001,61.189999,60.450001,60.900002,60.003838,21976700.0,2022-01-18
60.66,61.18,60.560001,61.0,60.102367,18654700.0,2022-01-19
61.0,61.439999,60.720001,60.75,59.856045,23002400.0,2022-01-20
61.080002,61.299999,60.400002,60.450001,59.560463,26643200.0,2022-01-21
59.900002,60.349998,58.57,59.959999,59.077667,30185100.0,2022-01-24
59.360001,60.049999,58.689999,59.82,58.939732,19027100.0,2022-01-25
59.790001,60.349998,59.209999,59.599998,58.722965,19190200.0,2022-01-26
59.880001,60.93,59.5,59.650002,58.772236,18893800.0,2022-01-27
59.389999,60.889999,58.939999,60.84,59.944721,19101500.0,2022-01-28
60.299999,61.139999,60.150002,61.009998,60.112217,22045300.0,2022-01-31
60.91,61.139999,60.16,60.560001,59.668842,20841700.0,2022-02-01
60.619999,61.27,60.560001,61.18,60.27972,20225600.0,2022-02-02
60.939999,61.779999,60.59,61.610001,60.703388,19440500.0,2022-02-03
61.490002,61.68,60.57,60.959999,60.062954,17403700.0,2022-02-04
61.380001,61.720001,60.860001,61.599998,60.693535,17846400.0,2022-02-07
61.830002,62.330002,61.740002,62.0,61.08765,18771700.0,2022-02-08
62.169998,62.32,60.900002,61.040001,60.141781,23595600.0,2022-02-09
60.360001,62.299999,60.200001,61.380001,60.476776,23561500.0,2022-02-10
61.77,61.98,60.150002,60.290001,59.402813,22781400.0,2022-02-11
60.16,60.790001,59.279999,60.68,59.787079,23641300.0,2022-02-14
60.959999,61.779999,60.630001,60.91,60.013687,13408700.0,2022-02-15
60.860001,61.400002,60.560001,60.900002,60.003838,15484700.0,2022-02-16
60.549999,62.279999,60.41,62.119999,61.205887,21468700.0,2022-02-17
62.119999,62.82,61.990002,62.540001,61.619705,21975000.0,2022-02-18
62.43,62.639999,61.720001,62.279999,61.363529,21731400.0,2022-02-22
62.240002,62.330002,61.34,61.59,60.683685,19248500.0,2022-02-23
59.970001,60.619999,59.220001,60.509998,59.619576,27207400.0,2022-02-24
60.939999,62.900002,60.919998,62.849998,61.92514,21487800.0,2022-02-25
61.650002,62.34,61.41,62.240002,61.324123,25879100.0,2022-02-28
62.139999,62.75,61.509998,61.970001,61.058094,15871100.0,2022-03-01
62.23,62.880001,61.779999,62.43,61.511326,17319100.0,2022-03-02
62.610001,63.02,62.290001,62.470001,61.550735,21262800.0,2022-03-03
61.459999,62.59,61.200001,62.57,61.649265,17163000.0,2022-03-04
62.009998,62.07,60.720001,61.080002,60.18119,29151400.0,2022-03-07
61.450001,61.540001,58.59,58.66,57.796799,30242100.0,2022-03-08
59.82,59.84,58.66,58.959999,58.092384,23022700.0,2022-03-09
58.48,58.66,57.5,57.880001,57.028278,20887300.0,2022-03-10
57.959999,58.849998,57.860001,57.919998,57.067688,19855600.0,2022-03-11
57.970001,59.040001,57.970001,58.540001,58.120087,17799400.0,2022-03-14
59.080002,59.889999,58.98,59.619999,59.192337,18607200.0,2022-03-15
59.779999,59.939999,58.610001,59.459999,59.033485,17347300.0,2022-03-16
59.459999,60.139999,59.23,60.09,59.658966,15586200.0,2022-03-17
60.299999,60.299999,59.709999,60.099998,59.668896,30197800.0,2022-03-18
60.5,61.099998,60.25,60.580002,60.145454,17440100.0,2022-03-21
60.93,60.950001,60.060001,60.799999,60.363873,17559500.0,2022-03-22
60.75,60.98,60.0,60.400002,59.966743,15529200.0,2022-03-23
60.639999,61.02,60.459999,60.98,60.542583,13151300.0,2022-03-24
61.119999,61.610001,61.049999,61.529999,61.088638,12259800.0,2022-03-25
61.529999,61.939999,61.209999,61.919998,61.475838,11485200.0,2022-03-28
62.209999,62.529999,61.740002,62.16,61.714119,14720600.0,2022-03-29
62.009998,62.209999,61.560001,62.209999,61.76376,13641000.0,2022-03-30
62.220001,62.639999,62.0,62.0,61.555267,16822900.0,2022-03-31
62.330002,62.950001,62.09,62.869999,62.419025,12644900.0,2022-04-01
62.599998,62.790001,61.720001,62.540001,62.091393,11505800.0,2022-04-04
62.400002,63.240002,62.369999,62.470001,62.021896,15721200.0,2022-04-05
62.77,63.259998,62.299999,63.099998,62.647373,19267400.0,2022-04-06
63.130001,63.669998,62.709999,63.439999,62.984936,13960800.0,2022-04-07
63.48,64.040001,63.16,63.830002,63.372143,12703500.0,2022-04-08
63.91,64.300003,63.639999,63.810001,63.352283,12720100.0,2022-04-11
64.379997,64.809998,63.889999,64.559998,64.096901,18089900.0,2022-04-12
64.440002,64.870003,64.230003,64.730003,64.265686,11883000.0,2022-04-13
64.959999,65.57,64.82,65.019997,64.553604,16388400.0,2022-04-14
64.769997,65.18,64.18,64.440002,63.977768,11679400.0,2022-04-18
64.5,65.25,64.440002,65.07,64.603241,11993800.0,2022-04-19
65.440002,66.239998,65.400002,65.959999,65.486862,14827100.0,2022-04-20
65.980003,67.0,65.720001,66.209999,65.735069,15120400.0,2022-04-21
66.080002,66.339996,65.18,65.25,64.781952,14902200.0,2022-04-22
67.0,67.199997,64.779999,65.940002,65.46701,25082000.0,2022-04-25
65.519997,66.370003,65.040001,65.050003,64.583389,21982600.0,2022-04-26
65.0,66.279999,65.0,65.559998,65.089729,16971000.0,2022-04-27
64.660004,66.279999,64.5,66.190002,65.71521,22010600.0,2022-04-28
65.870003,66.029999,64.489998,64.610001,64.146545,20137100.0,2022-04-29
65.279999,65.309998,62.580002,63.439999,62.984936,24970300.0,2022-05-02
63.720001,63.939999,62.669998,63.080002,62.627522,21686300.0,2022-05-03
63.0,65.120003,62.939999,65.029999,64.56353,19780200.0,2022-05-04
64.690002,65.029999,64.010002,64.510002,64.047264,20155200.0,2022-05-05
64.199997,65.309998,64.07,64.739998,64.275612,18984000.0,2022-05-06
64.470001,65.360001,64.040001,64.610001,64.146545,20055300.0,2022-05-09
64.5,65.32,63.849998,64.010002,63.55085,21322200.0,2022-05-10
64.330002,65.199997,63.959999,64.309998,63.848694,19648400.0,2022-05-11
64.160004,64.529999,63.209999,64.510002,64.047264,22574700.0,2022-05-12
64.809998,65.800003,64.120003,65.720001,65.248581,16167000.0,2022-05-13
65.440002,66.379997,65.440002,65.959999,65.486862,13223200.0,2022-05-16
66.099998,66.099998,65.010002,65.779999,65.308151,21300600.0,2022-05-17
65.419998,65.519997,60.959999,61.200001,60.761005,31437300.0,2022-05-18
60.959999,60.959999,59.66,60.0,59.569614,31493900.0,2022-05-19
60.490002,61.240002,59.66,60.98,60.542583,29133800.0,2022-05-20
61.650002,63.099998,61.59,62.860001,62.4091,19406900.0,2022-05-23
62.880001,64.190002,62.75,64.019997,63.560772,16154200.0,2022-05-24
64.0,64.470001,63.599998,64.07,63.610416,15360500.0,2022-05-25
64.07,65.099998,63.959999,64.300003,63.838772,16159800.0,2022-05-26
64.260002,64.830002,64.139999,64.68,64.216042,17709000.0,2022-05-27
64.080002,64.32,63.049999,63.380001,62.925369,43159000.0,2022-05-31
63.419998,63.68,62.130001,63.07,62.617592,15408300.0,2022-06-01
63.18,63.740002,62.110001,63.73,63.272858,14586000.0,2022-06-02
63.57,63.630001,62.810001,62.970001,62.518311,13539100.0,2022-06-03
63.330002,63.77,62.66,62.869999,62.419025,15112800.0,2022-06-06
62.380001,63.369999,62.220001,63.25,62.796299,17886300.0,2022-06-07
62.990002,63.209999,62.560001,62.889999,62.438881,10211500.0,2022-06-08
62.869999,63.349998,61.779999,61.799999,61.356701,13382200.0,2022-06-09
61.009998,61.889999,60.459999,61.41,60.969498,14967600.0,2022-06-10
60.75,62.290001,60.669998,61.34,60.900002,23064200.0,2022-06-13
60.73,60.889999,58.66,59.23,59.23,24620000.0,2022-06-14
60.0,60.639999,58.970001,59.669998,59.669998,19684700.0,2022-06-15
58.639999,59.52,58.25,59.07,59.07,15053800.0,2022-06-16
59.700001,60.130001,59.130001,59.43,59.43,34731500.0,2022-06-17
59.490002,60.880001,59.009998,60.700001,60.700001,17705000.0,2022-06-21
60.599998,61.450001,60.32,61.150002,61.150002,15207100.0,2022-06-22
61.299999,61.91,61.23,61.880001,61.880001,17190900.0,2022-06-23
62.110001,63.060001,62.110001,63.040001,63.040001,18147100.0,2022-06-24
62.98,63.290001,62.630001,62.91,62.91,12142100.0,2022-06-27
63.080002,63.759998,62.110001,62.279999,62.279999,13150100.0,2022-06-28
62.540001,63.110001,62.43,62.73,62.73,11795500.0,2022-06-29
62.32,63.110001,62.16,62.91,62.91,15514200.0,2022-06-30
63.119999,64.449997,62.82,64.379997,64.379997,15140100.0,2022-07-01
64.18,64.18,62.419998,63.279999,63.279999,15921200.0,2022-07-05
63.599998,64.089996,63.189999,63.41,63.41,13449700.0,2022-07-06
