11.24,11.35,11.23,11.34,9.354788,18881300.0,2017-07-10,F
11.31,11.43,11.3,11.38,9.387785,25914300.0,2017-07-11,F
11.41,11.62,11.4,11.47,9.46203,33088200.0,2017-07-12,F
11.46,11.69,11.45,11.6,9.569271,33650800.0,2017-07-13,F
11.65,11.73,11.6,11.68,9.635266,39792200.0,2017-07-14,F
11.71,11.75,11.65,11.74,9.684763,24394200.0,2017-07-17,F
11.72,11.75,11.67,11.75,9.693014,24625200.0,2017-07-18,F
11.76,11.83,11.74,11.83,9.759007,26225900.0,2017-07-19,F
11.69,11.78,11.66,11.7,9.775717,30315100.0,2017-07-20,F
11.59,11.62,11.46,11.53,9.633677,27630600.0,2017-07-21,F
11.51,11.55,11.27,11.29,9.433149,48123400.0,2017-07-24,F
11.3,11.38,11.22,11.27,9.416439,52854300.0,2017-07-25,F
11.14,11.16,10.95,11.06,9.240978,72271700.0,2017-07-26,F
11.08,11.2,11.03,11.18,9.341242,38687500.0,2017-07-27,F
11.15,11.22,11.06,11.17,9.332887,24864100.0,2017-07-28,F
11.16,11.23,11.13,11.22,9.374663,39548600.0,2017-07-31,F
11.11,11.15,10.87,10.95,9.14907,65140100.0,2017-08-01,F
10.98,11.03,10.93,11.0,9.190845,30890500.0,2017-08-02,F
11.01,11.05,10.92,10.93,9.13236,20309300.0,2017-08-03,F
10.9,10.99,10.78,10.95,9.14907,29267600.0,2017-08-04,F
10.94,10.98,10.9,10.92,9.124002,35013000.0,2017-08-07,F
10.95,11.0,10.88,10.89,9.098938,26322100.0,2017-08-08,F
10.88,10.95,10.83,10.92,9.124002,32155900.0,2017-08-09,F
10.88,10.91,10.77,10.77,8.998674,31903800.0,2017-08-10,F
10.79,10.84,10.76,10.77,8.998674,32300100.0,2017-08-11,F
10.82,10.95,10.79,10.91,9.115647,26413500.0,2017-08-14,F
10.92,11.0,10.84,10.84,9.057161,29266300.0,2017-08-15,F
10.86,10.9,10.78,10.8,9.02374,28316300.0,2017-08-16,F
10.79,10.8,10.6,10.64,8.890054,35518800.0,2017-08-17,F
10.62,10.63,10.47,10.56,8.823213,43998700.0,2017-08-18,F
10.53,10.66,10.52,10.57,8.831566,30152500.0,2017-08-21,F
10.61,10.73,10.61,10.65,8.89841,28676100.0,2017-08-22,F
10.61,10.78,10.59,10.71,8.948544,35405800.0,2017-08-23,F
10.75,10.8,10.69,10.71,8.948544,33584400.0,2017-08-24,F
10.77,10.88,10.76,10.82,9.040449,35926800.0,2017-08-25,F
10.86,10.88,10.73,10.79,9.015384,22307400.0,2017-08-28,F
10.75,10.89,10.73,10.84,9.057161,29807300.0,2017-08-29,F
10.82,10.94,10.77,10.94,9.140713,23629300.0,2017-08-30,F
10.97,11.2,10.95,11.03,9.215912,54208900.0,2017-08-31,F
11.18,11.43,11.14,11.35,9.483282,64560300.0,2017-09-01,F
11.36,11.39,11.24,11.36,9.491637,44000200.0,2017-09-05,F
11.39,11.53,11.39,11.5,9.608612,43279000.0,2017-09-06,F
11.52,11.52,11.33,11.4,9.525058,30271000.0,2017-09-07,F
11.34,11.39,11.29,11.36,9.491637,26633900.0,2017-09-08,F
11.4,11.45,11.38,11.41,9.533411,43375000.0,2017-09-11,F
11.43,11.67,11.39,11.59,9.683809,41386700.0,2017-09-12,F
11.6,11.63,11.52,11.62,9.708876,23302200.0,2017-09-13,F
11.6,11.68,11.48,11.56,9.658745,31696300.0,2017-09-14,F
11.54,11.63,11.49,11.62,9.708876,30865500.0,2017-09-15,F
11.63,11.73,11.6,11.63,9.717231,25132400.0,2017-09-18,F
11.63,11.74,11.62,11.72,9.79243,26392900.0,2017-09-19,F
11.68,11.8,11.64,11.71,9.784073,26705300.0,2017-09-20,F
11.71,11.82,11.69,11.72,9.79243,40319400.0,2017-09-21,F
11.74,11.87,11.72,11.84,9.892694,30196500.0,2017-09-22,F
11.88,12.06,11.84,11.94,9.976246,40766000.0,2017-09-25,F
11.95,12.0,11.9,11.93,9.967892,30646700.0,2017-09-26,F
11.98,12.02,11.86,11.95,9.9846,28412200.0,2017-09-27,F
11.95,11.99,11.9,11.96,9.992957,23105700.0,2017-09-28,F
11.97,12.02,11.92,11.97,10.001312,31227500.0,2017-09-29,F
12.0,12.09,11.97,12.09,10.101574,36020000.0,2017-10-02,F
12.32,12.43,12.22,12.34,10.310459,65641700.0,2017-10-03,F
12.33,12.46,12.28,12.3,10.277037,52909800.0,2017-10-04,F
12.34,12.36,12.15,12.25,10.235259,48145800.0,2017-10-05,F
12.2,12.33,12.19,12.31,10.285393,35091800.0,2017-10-06,F
12.33,12.41,12.25,12.34,10.310459,28924800.0,2017-10-09,F
12.34,12.42,12.25,12.39,10.352235,40586200.0,2017-10-10,F
12.38,12.43,12.31,12.38,10.343878,34953400.0,2017-10-11,F
12.3,12.32,12.11,12.12,10.12664,45924400.0,2017-10-12,F
12.06,12.17,11.87,12.05,10.068153,44597300.0,2017-10-13,F
11.99,12.15,11.96,12.12,10.12664,32349700.0,2017-10-16,F
12.13,12.31,12.12,12.27,10.251971,55273200.0,2017-10-17,F
12.28,12.35,12.17,12.19,10.185127,30783700.0,2017-10-18,F
12.14,12.25,12.05,12.23,10.218549,29678200.0,2017-10-19,F
12.12,12.14,12.0,12.1,10.235467,28171700.0,2017-10-20,F
12.11,12.19,12.04,12.04,10.184712,21504800.0,2017-10-23,F
12.11,12.26,12.09,12.19,10.311599,34651200.0,2017-10-24,F
12.15,12.15,11.97,12.04,10.184712,47674800.0,2017-10-25,F
12.2,12.34,12.06,12.27,10.379272,49003100.0,2017-10-26,F
12.23,12.24,12.01,12.06,10.201631,33925400.0,2017-10-27,F
12.01,12.15,11.95,12.1,10.235467,36457400.0,2017-10-30,F
12.15,12.3,12.13,12.27,10.379272,42010200.0,2017-10-31,F
12.4,12.47,12.28,12.35,10.446945,43495800.0,2017-11-01,F
12.33,12.43,12.26,12.42,10.506156,40923400.0,2017-11-02,F
12.41,12.46,12.32,12.36,10.455402,33220300.0,2017-11-03,F
12.36,12.43,12.3,12.33,10.430026,20178500.0,2017-11-06,F
12.35,12.38,12.11,12.16,10.286221,41536300.0,2017-11-07,F
12.14,12.16,12.01,12.06,10.201631,34127500.0,2017-11-08,F
12.01,12.05,11.93,12.04,10.184712,26257300.0,2017-11-09,F
12.0,12.09,11.98,12.01,10.159335,35298400.0,2017-11-10,F
12.01,12.22,11.97,12.16,10.286221,30415900.0,2017-11-13,F
12.1,12.16,11.99,12.02,10.167796,25893400.0,2017-11-14,F
11.97,12.03,11.87,12.0,10.150876,28441300.0,2017-11-15,F
12.0,12.05,11.93,12.04,10.184712,28269000.0,2017-11-16,F
12.02,12.06,11.99,12.01,10.159335,31117700.0,2017-11-17,F
12.03,12.15,12.02,12.13,10.260845,32352000.0,2017-11-20,F
12.14,12.23,12.12,12.12,10.252385,28510300.0,2017-11-21,F
12.11,12.15,12.05,12.07,10.210091,36184000.0,2017-11-22,F
12.1,12.15,12.03,12.1,10.235467,9549600.0,2017-11-24,F
12.09,12.19,12.06,12.11,10.243925,28525200.0,2017-11-27,F
12.15,12.24,12.08,12.21,10.328516,33199300.0,2017-11-28,F
12.24,12.57,12.23,12.56,10.624584,64866000.0,2017-11-29,F
12.53,12.65,12.42,12.52,10.590749,49224200.0,2017-11-30,F
12.62,12.7,12.35,12.58,10.641503,52458700.0,2017-12-01,F
12.65,12.81,12.59,12.63,10.683798,39558900.0,2017-12-04,F
12.42,12.62,12.4,12.43,10.514618,45527200.0,2017-12-05,F
12.37,12.43,12.28,12.38,10.472322,28453800.0,2017-12-06,F
12.58,12.59,12.33,12.53,10.599206,25417100.0,2017-12-07,F
12.53,12.61,12.43,12.61,10.666881,21981900.0,2017-12-08,F
12.57,12.63,12.51,12.58,10.641503,44194600.0,2017-12-11,F
12.56,12.64,12.51,12.6,10.65842,54370600.0,2017-12-12,F
12.61,12.73,12.59,12.63,10.683798,31859000.0,2017-12-13,F
12.65,12.69,12.41,12.46,10.539994,37074000.0,2017-12-14,F
12.51,12.66,12.5,12.58,10.641503,48655500.0,2017-12-15,F
12.66,12.75,12.61,12.66,10.709174,25022700.0,2017-12-18,F
12.71,12.78,12.66,12.69,10.734552,23056900.0,2017-12-19,F
12.72,12.75,12.65,12.72,10.75993,18989400.0,2017-12-20,F
12.74,12.77,12.63,12.63,10.683798,21004700.0,2017-12-21,F
12.66,12.66,12.56,12.58,10.641503,17876200.0,2017-12-22,F
12.57,12.65,12.55,12.6,10.65842,11664600.0,2017-12-26,F
12.57,12.58,12.45,12.5,10.573829,17005600.0,2017-12-27,F
12.48,12.58,12.47,12.58,10.641503,14793500.0,2017-12-28,F
12.58,12.61,12.49,12.49,10.565372,18362500.0,2017-12-29,F
12.52,12.66,12.5,12.66,10.709174,20773300.0,2018-01-02,F
12.68,12.8,12.67,12.76,10.793766,29765600.0,2018-01-03,F
12.78,13.04,12.77,12.98,10.979864,37478200.0,2018-01-04,F
13.06,13.22,13.04,13.2,11.165964,46121900.0,2018-01-05,F
13.21,13.22,13.11,13.15,11.12367,33828300.0,2018-01-08,F
13.18,13.22,13.08,13.08,11.064456,27924100.0,2018-01-09,F
13.06,13.14,12.96,13.03,11.02216,56517100.0,2018-01-10,F
13.02,13.2,13.0,13.16,11.132128,28342300.0,2018-01-11,F
13.1,13.29,13.1,13.23,11.191341,56979200.0,2018-01-12,F
13.31,13.48,13.01,13.1,11.081374,53961400.0,2018-01-16,F
12.58,12.58,12.1,12.18,10.303141,132412500.0,2018-01-17,F
12.18,12.2,12.02,12.07,10.210091,66541700.0,2018-01-18,F
12.12,12.12,11.91,12.0,10.150876,51303700.0,2018-01-19,F
12.02,12.08,11.9,12.02,10.167796,52851900.0,2018-01-22,F
12.03,12.03,11.9,11.96,10.117041,51831000.0,2018-01-23,F
12.0,12.09,11.92,12.05,10.193172,63300500.0,2018-01-24,F
11.93,11.93,11.44,11.57,9.787136,114886800.0,2018-01-25,F
11.59,11.7,11.5,11.65,9.854809,52496000.0,2018-01-26,F
11.42,11.47,11.11,11.12,9.638124,55114000.0,2018-01-29,F
11.09,11.23,11.05,11.06,9.58612,52068200.0,2018-01-30,F
11.09,11.12,10.9,10.97,9.508115,57644600.0,2018-01-31,F
10.95,11.0,10.85,10.92,9.464779,41352200.0,2018-02-01,F
10.88,10.88,10.62,10.71,9.282763,72312900.0,2018-02-02,F
10.78,10.8,10.24,10.24,8.875396,96757000.0,2018-02-05,F
10.27,10.79,10.19,10.76,9.326099,139938100.0,2018-02-06,F
10.75,11.04,10.7,10.76,9.326099,68041800.0,2018-02-07,F
10.79,10.86,10.42,10.43,9.040076,73990700.0,2018-02-08,F
10.57,10.64,10.24,10.53,9.126748,72103600.0,2018-02-09,F
10.67,10.82,10.54,10.7,9.274095,49068900.0,2018-02-12,F
10.63,10.69,10.53,10.59,9.178755,36884500.0,2018-02-13,F
10.55,10.75,10.5,10.74,9.308764,27844300.0,2018-02-14,F
10.8,10.8,10.64,10.76,9.326099,28208300.0,2018-02-15,F
10.7,10.82,10.52,10.61,9.196089,41041800.0,2018-02-16,F
10.58,10.67,10.55,10.63,9.213423,27617900.0,2018-02-20,F
10.65,10.75,10.59,10.6,9.187422,36037700.0,2018-02-21,F
10.6,10.73,10.56,10.63,9.213423,25409600.0,2018-02-22,F
10.67,10.71,10.62,10.7,9.274095,21786800.0,2018-02-23,F
10.74,10.95,10.7,10.89,9.438774,27157800.0,2018-02-26,F
10.93,10.99,10.6,10.61,9.196089,43502000.0,2018-02-27,F
10.68,10.79,10.57,10.61,9.196089,41321400.0,2018-02-28,F
10.65,10.69,10.2,10.29,8.918733,75841400.0,2018-03-01,F
10.24,10.42,10.14,10.4,9.014071,60491900.0,2018-03-02,F
10.31,10.63,10.3,10.58,9.170087,44021300.0,2018-03-05,F
10.65,10.68,10.47,10.63,9.213423,30978900.0,2018-03-06,F
10.51,10.64,10.43,10.63,9.213423,30046600.0,2018-03-07,F
10.65,10.68,10.48,10.61,9.196089,26948000.0,2018-03-08,F
10.63,10.73,10.57,10.73,9.300097,26684400.0,2018-03-09,F
10.69,10.85,10.68,10.81,9.369437,33800900.0,2018-03-12,F
10.84,10.98,10.73,10.78,9.343432,44456800.0,2018-03-13,F
11.25,11.44,11.01,11.02,9.551451,91985300.0,2018-03-14,F
11.05,11.25,10.95,11.07,9.594788,47645300.0,2018-03-15,F
11.12,11.22,11.06,11.15,9.664127,80684200.0,2018-03-16,F
11.15,11.17,10.87,11.01,9.542786,63122500.0,2018-03-19,F
11.05,11.13,10.97,10.99,9.525448,45612800.0,2018-03-20,F
11.0,11.19,10.93,11.1,9.620791,38551000.0,2018-03-21,F
11.0,11.06,10.73,10.75,9.317432,51280900.0,2018-03-22,F
10.79,10.81,10.51,10.56,9.152753,39950900.0,2018-03-23,F
10.74,10.87,10.68,10.83,9.38677,52325500.0,2018-03-26,F
10.85,10.92,10.72,10.83,9.38677,40677300.0,2018-03-27,F
10.83,10.95,10.73,10.86,9.412772,42263700.0,2018-03-28,F
10.93,11.13,10.92,11.08,9.603455,39864000.0,2018-03-29,F
11.06,11.09,10.7,10.86,9.412772,43598100.0,2018-04-02,F
11.01,11.18,10.9,11.15,9.664127,42523900.0,2018-04-03,F
10.87,11.36,10.8,11.33,9.82014,44834600.0,2018-04-04,F
11.34,11.38,11.23,11.35,9.837475,28755600.0,2018-04-05,F
11.28,11.35,11.07,11.18,9.690129,31920700.0,2018-04-06,F
11.25,11.38,11.2,11.25,9.750801,36462700.0,2018-04-09,F
11.44,11.55,11.41,11.45,9.924148,43144300.0,2018-04-10,F
11.38,11.49,11.3,11.43,9.906814,32979000.0,2018-04-11,F
11.5,11.54,11.25,11.31,9.802806,47133700.0,2018-04-12,F
11.35,11.39,11.23,11.28,9.776805,34598800.0,2018-04-13,F
11.36,11.45,11.27,11.38,9.863478,32803300.0,2018-04-16,F
11.43,11.45,11.3,11.38,9.863478,30906800.0,2018-04-17,F
11.38,11.48,11.3,11.33,9.82014,46226100.0,2018-04-18,F
11.18,11.25,10.85,10.96,9.626901,49154200.0,2018-04-19,F
11.01,11.03,10.78,10.82,9.503929,44930000.0,2018-04-20,F
10.84,11.04,10.83,11.04,9.697168,31936500.0,2018-04-23,F
11.05,11.17,10.93,10.96,9.626901,39625000.0,2018-04-24,F
10.96,11.16,10.87,11.11,9.758654,40356100.0,2018-04-25,F
11.42,11.53,11.29,11.43,10.039731,80676800.0,2018-04-26,F
11.4,11.56,11.38,11.49,10.092434,33375900.0,2018-04-27,F
11.53,11.73,11.22,11.24,9.872842,66090900.0,2018-04-30,F
11.25,11.35,11.1,11.26,9.89041,61430400.0,2018-05-01,F
11.26,11.27,11.12,11.21,9.846491,41899500.0,2018-05-02,F
11.17,11.21,10.97,11.2,9.837708,38907400.0,2018-05-03,F
11.16,11.41,11.09,11.36,9.978247,32043500.0,2018-05-04,F
11.36,11.44,11.31,11.34,9.960679,27510300.0,2018-05-07,F
11.32,11.37,11.24,11.27,9.899194,25754100.0,2018-05-08,F
11.21,11.28,11.02,11.06,9.714736,43732000.0,2018-05-09,F
11.04,11.25,11.02,11.21,9.846491,32023800.0,2018-05-10,F
11.22,11.25,11.16,11.19,9.828923,19837700.0,2018-05-11,F
11.23,11.29,11.17,11.18,9.82014,27903100.0,2018-05-14,F
11.1,11.25,11.06,11.22,9.855274,26950100.0,2018-05-15,F
11.21,11.4,11.2,11.4,10.01338,28976700.0,2018-05-16,F
11.4,11.48,11.38,11.46,10.066083,20741100.0,2018-05-17,F
11.44,11.47,11.3,11.33,9.951897,23893700.0,2018-05-18,F
11.42,11.55,11.39,11.51,10.110003,31011900.0,2018-05-21,F
11.58,11.64,11.51,11.52,10.118786,22360900.0,2018-05-22,F
11.5,11.55,11.33,11.44,10.048516,23595000.0,2018-05-23,F
11.45,11.65,11.44,11.62,10.206622,34876300.0,2018-05-24,F
11.56,11.61,11.47,11.51,10.110003,19337500.0,2018-05-25,F
11.6,11.62,11.36,11.44,10.048516,31324300.0,2018-05-29,F
11.53,11.61,11.47,11.55,10.145135,25554600.0,2018-05-30,F
11.65,11.74,11.36,11.55,10.145135,61563200.0,2018-05-31,F
11.67,11.77,11.61,11.71,10.285674,35406200.0,2018-06-01,F
11.74,11.79,11.69,11.74,10.312025,25141300.0,2018-06-04,F
11.74,11.87,11.68,11.83,10.39108,31036700.0,2018-06-05,F
11.87,12.0,11.82,11.97,10.51405,31110500.0,2018-06-06,F
11.97,12.15,11.96,12.03,10.566751,47314100.0,2018-06-07,F
12.04,12.12,12.0,12.1,10.628238,28371900.0,2018-06-08,F
12.1,12.15,12.02,12.03,10.566751,30398100.0,2018-06-11,F
12.07,12.15,12.03,12.11,10.637019,51395400.0,2018-06-12,F
12.1,12.1,11.96,12.02,10.557969,28406700.0,2018-06-13,F
12.0,12.01,11.84,11.89,10.443782,34523000.0,2018-06-14,F
11.84,12.03,11.8,11.88,10.434998,56326800.0,2018-06-15,F
11.82,12.04,11.81,11.99,10.531617,32706500.0,2018-06-18,F
11.82,11.89,11.67,11.89,10.443782,40064800.0,2018-06-19,F
11.97,12.05,11.83,11.87,10.426214,31964800.0,2018-06-20,F
11.8,11.83,11.64,11.71,10.285674,33316700.0,2018-06-21,F
11.75,11.87,11.62,11.65,10.232971,36703500.0,2018-06-22,F
11.63,11.67,11.38,11.5,10.101217,36101900.0,2018-06-25,F
11.56,11.63,11.49,11.52,10.118786,36627700.0,2018-06-26,F
11.54,11.64,11.4,11.42,10.030947,27242000.0,2018-06-27,F
11.37,11.4,11.15,11.28,9.907977,43836400.0,2018-06-28,F
11.32,11.37,11.03,11.07,9.723519,44718500.0,2018-06-29,F
11.02,11.11,10.91,11.1,9.74987,37892800.0,2018-07-02,F
11.1,11.15,10.94,10.99,9.65325,16544800.0,2018-07-03,F
11.1,11.14,11.02,11.05,9.705953,32008500.0,2018-07-05,F
11.04,11.1,10.92,11.06,9.714736,25646700.0,2018-07-06,F
11.1,11.26,11.03,11.2,9.837708,23916800.0,2018-07-09,F
11.2,11.26,11.17,11.25,9.881626,21231500.0,2018-07-10,F
11.15,11.17,11.05,11.07,9.723519,30030100.0,2018-07-11,F
11.1,11.14,11.0,11.05,9.705953,27025200.0,2018-07-12,F
11.02,11.05,10.91,10.98,9.644467,36561500.0,2018-07-13,F
10.95,10.97,10.76,10.85,9.53028,46156800.0,2018-07-16,F
10.8,10.9,10.8,10.86,9.539062,37584300.0,2018-07-17,F
10.85,10.9,10.81,10.87,9.547847,36420000.0,2018-07-18,F
10.89,10.9,10.77,10.82,9.503929,40308800.0,2018-07-19,F
10.68,10.72,10.51,10.56,9.405951,41531200.0,2018-07-20,F
10.56,10.57,10.42,10.47,9.325784,34942000.0,2018-07-23,F
10.51,10.74,10.5,10.57,9.414856,47303000.0,2018-07-24,F
10.32,10.57,10.12,10.52,9.37032,92497700.0,2018-07-25,F
10.14,10.16,9.84,9.89,8.809171,103893000.0,2018-07-26,F
9.96,10.05,9.91,9.93,8.844799,46171100.0,2018-07-27,F
9.96,10.1,9.93,10.07,8.969499,35877000.0,2018-07-30,F
10.11,10.11,10.0,10.04,8.942777,38026900.0,2018-07-31,F
10.06,10.08,9.82,9.9,8.818077,44126700.0,2018-08-01,F
9.9,9.98,9.84,9.92,8.835893,40318900.0,2018-08-02,F
9.93,10.06,9.93,10.04,8.942777,25925100.0,2018-08-03,F
10.0,10.05,9.97,10.03,8.933869,22247900.0,2018-08-06,F
10.04,10.1,10.02,10.08,8.978406,27961200.0,2018-08-07,F
10.05,10.1,10.04,10.05,8.951686,22600900.0,2018-08-08,F
10.06,10.07,9.9,9.91,8.826984,35682600.0,2018-08-09,F
9.91,9.91,9.72,9.74,8.675564,39180500.0,2018-08-10,F
9.74,9.75,9.42,9.46,8.426162,66586200.0,2018-08-13,F
9.51,9.62,9.45,9.5,8.461791,37657400.0,2018-08-14,F
9.46,9.5,9.35,9.45,8.417254,36298600.0,2018-08-15,F
9.5,9.6,9.49,9.51,8.470698,28857700.0,2018-08-16,F
9.53,9.6,9.46,9.55,8.506327,32742900.0,2018-08-17,F
9.56,9.74,9.56,9.72,8.657748,25252500.0,2018-08-20,F
9.77,9.9,9.69,9.86,8.78245,46413900.0,2018-08-21,F
9.79,9.82,9.68,9.69,8.631028,30803700.0,2018-08-22,F
9.67,9.69,9.58,9.63,8.577585,31511800.0,2018-08-23,F
9.65,9.7,9.61,9.68,8.622121,18380000.0,2018-08-24,F
9.75,10.04,9.73,9.99,8.898243,49769300.0,2018-08-27,F
10.08,10.09,9.95,10.01,8.916057,33845500.0,2018-08-28,F
10.01,10.02,9.9,9.97,8.880428,37336400.0,2018-08-29,F
9.87,9.91,9.67,9.7,8.639935,48539300.0,2018-08-30,F
9.64,9.68,9.4,9.48,8.443976,76424900.0,2018-08-31,F
9.53,9.58,9.36,9.47,8.43507,54111100.0,2018-09-04,F
9.47,9.55,9.32,9.49,8.452884,44561900.0,2018-09-05,F
9.48,9.55,9.4,9.43,8.399441,29519100.0,2018-09-06,F
9.41,9.49,9.25,9.27,8.256929,51229900.0,2018-09-07,F
9.31,9.49,9.3,9.38,8.354906,30421700.0,2018-09-10,F
9.35,9.36,9.22,9.31,8.292557,27158400.0,2018-09-11,F
9.31,9.42,9.28,9.34,8.319278,25450000.0,2018-09-12,F
9.38,9.41,9.31,9.37,8.345999,29315700.0,2018-09-13,F
9.38,9.48,9.36,9.45,8.417254,30013300.0,2018-09-14,F
9.44,9.6,9.43,9.55,8.506327,29544400.0,2018-09-17,F
9.54,9.61,9.48,9.58,8.533048,57055400.0,2018-09-18,F
9.61,9.83,9.61,9.78,8.71119,40111500.0,2018-09-19,F
9.83,9.93,9.71,9.81,8.737914,46314400.0,2018-09-20,F
9.84,9.94,9.78,9.85,8.773541,74488600.0,2018-09-21,F
9.78,9.85,9.52,9.59,8.541956,43170800.0,2018-09-24,F
9.53,9.56,9.37,9.39,8.363813,44406100.0,2018-09-25,F
9.38,9.41,9.27,9.27,8.256929,58597500.0,2018-09-26,F
9.3,9.33,9.2,9.23,8.221298,57272200.0,2018-09-27,F
9.22,9.28,9.09,9.25,8.239112,30987200.0,2018-09-28,F
9.43,9.44,9.3,9.32,8.301463,44864700.0,2018-10-01,F
9.27,9.34,9.18,9.2,8.194577,41806400.0,2018-10-02,F
9.27,9.31,9.13,9.13,8.132227,47023100.0,2018-10-03,F
9.13,9.22,9.09,9.15,8.150041,38889600.0,2018-10-04,F
9.15,9.22,9.1,9.12,8.123321,36952200.0,2018-10-05,F
9.1,9.28,9.09,9.26,8.248019,43657700.0,2018-10-08,F
9.23,9.31,8.95,8.95,7.971899,58356900.0,2018-10-09,F
8.95,8.98,8.81,8.82,7.856105,54104100.0,2018-10-10,F
8.82,8.99,8.76,8.81,7.847198,66170800.0,2018-10-11,F
8.95,8.95,8.55,8.64,7.695777,59308500.0,2018-10-12,F
8.67,8.85,8.66,8.81,7.847198,40183200.0,2018-10-15,F
8.87,8.89,8.73,8.8,7.838291,36772000.0,2018-10-16,F
8.8,8.86,8.64,8.76,7.802662,48795100.0,2018-10-17,F
8.74,8.76,8.5,8.51,7.579984,59669200.0,2018-10-18,F
8.32,8.53,8.19,8.5,7.571076,59831100.0,2018-10-19,F
8.38,8.45,8.27,8.41,7.62548,39803500.0,2018-10-22,F
8.3,8.64,8.23,8.59,7.78869,55443300.0,2018-10-23,F
8.5,8.6,8.17,8.18,7.416935,58895100.0,2018-10-24,F
8.52,9.0,8.46,8.99,8.151374,90399200.0,2018-10-25,F
8.96,9.06,8.86,8.98,8.142307,100639800.0,2018-10-26,F
9.36,9.59,9.17,9.28,8.414323,92275100.0,2018-10-29,F
9.31,9.56,9.27,9.46,8.577531,58062000.0,2018-10-30,F
9.62,9.67,9.43,9.55,8.659136,68507100.0,2018-10-31,F
9.54,9.55,9.26,9.29,8.423388,59794400.0,2018-11-01,F
9.36,9.45,9.26,9.38,8.504994,48499200.0,2018-11-02,F
9.38,9.57,9.35,9.53,8.641002,41274300.0,2018-11-05,F
9.46,9.57,9.41,9.54,8.650068,40928600.0,2018-11-06,F
9.6,9.6,9.45,9.6,8.704473,37347400.0,2018-11-07,F
9.58,9.65,9.44,9.46,8.577531,55810100.0,2018-11-08,F
9.38,9.8,9.27,9.38,8.504994,52203600.0,2018-11-09,F
9.38,9.58,9.37,9.49,8.604733,36317200.0,2018-11-12,F
9.53,9.67,9.47,9.54,8.650068,33098000.0,2018-11-13,F
9.63,9.67,9.43,9.54,8.650068,46677600.0,2018-11-14,F
9.5,9.53,9.12,9.31,8.441525,57170100.0,2018-11-15,F
9.28,9.31,8.98,9.05,8.205779,54582500.0,2018-11-16,F
9.02,9.36,8.96,9.25,8.38712,56292500.0,2018-11-19,F
9.1,9.22,9.01,9.06,8.214845,35159900.0,2018-11-20,F
9.05,9.2,8.98,9.11,8.26018,25882700.0,2018-11-21,F
9.07,9.22,9.03,9.13,8.278315,13520800.0,2018-11-23,F
9.23,9.53,9.17,9.4,8.523128,46304400.0,2018-11-26,F
9.37,9.43,9.25,9.28,8.414323,34283200.0,2018-11-27,F
9.27,9.44,9.17,9.41,8.532195,33199500.0,2018-11-28,F
9.37,9.44,9.26,9.37,8.495928,29207600.0,2018-11-29,F
9.37,9.48,9.36,9.41,8.532195,36269500.0,2018-11-30,F
9.71,9.85,9.6,9.6,8.704473,64668600.0,2018-12-03,F
9.55,9.6,9.18,9.18,8.323651,57930300.0,2018-12-04,F
9.12,9.12,8.92,9.02,8.178576,53963600.0,2018-12-06,F
9.02,9.13,8.8,8.82,7.997233,43534800.0,2018-12-07,F
8.83,8.85,8.38,8.52,7.72522,56499700.0,2018-12-10,F
8.72,8.8,8.5,8.54,7.743352,42294500.0,2018-12-11,F
8.64,8.73,8.59,8.64,7.834024,40602700.0,2018-12-12,F
8.67,8.7,8.46,8.5,7.707084,34200400.0,2018-12-13,F
8.52,8.68,8.46,8.52,7.72522,35613300.0,2018-12-14,F
8.48,8.72,8.41,8.5,7.707084,44469900.0,2018-12-17,F
8.55,8.68,8.41,8.47,7.679883,38263000.0,2018-12-18,F
8.46,8.65,8.27,8.32,7.543876,75272900.0,2018-12-19,F
8.33,8.42,8.18,8.26,7.489473,58926200.0,2018-12-20,F
8.22,8.4,8.04,8.05,7.299062,57542300.0,2018-12-21,F
8.01,8.01,7.61,7.63,6.918242,38709500.0,2018-12-24,F
7.73,7.86,7.41,7.85,7.117719,58810000.0,2018-12-26,F
7.82,7.85,7.53,7.85,7.117719,49813000.0,2018-12-27,F
7.83,8.04,7.76,7.81,7.08145,47331700.0,2018-12-28,F
7.85,7.86,7.5,7.65,6.936376,57816000.0,2018-12-31,F
7.53,8.02,7.48,7.9,7.163055,47494400.0,2019-01-02,F
7.97,7.99,7.78,7.78,7.05425,39172400.0,2019-01-03,F
7.91,8.12,7.85,8.08,7.326263,43039800.0,2019-01-04,F
8.11,8.37,8.03,8.29,7.516674,40729400.0,2019-01-07,F
8.42,8.54,8.35,8.37,7.589211,45644000.0,2019-01-08,F
8.45,8.77,8.36,8.72,7.906561,48404900.0,2019-01-09,F
8.71,8.77,8.45,8.67,7.861225,39490400.0,2019-01-10,F
8.77,8.93,8.7,8.82,7.997233,41559900.0,2019-01-11,F
8.8,9.06,8.76,8.99,8.151374,44833800.0,2019-01-14,F
9.02,9.03,8.75,8.84,8.015368,65311700.0,2019-01-15,F
8.68,8.77,8.26,8.29,7.516674,73869900.0,2019-01-16,F
8.27,8.44,8.21,8.36,7.580144,56722600.0,2019-01-17,F
8.39,8.6,8.33,8.58,7.779621,51127900.0,2019-01-18,F
8.54,8.61,8.46,8.5,7.707084,47182600.0,2019-01-22,F
8.54,8.54,8.28,8.34,7.56201,45196900.0,2019-01-23,F
8.32,8.68,8.22,8.6,7.797756,79516400.0,2019-01-24,F
8.74,8.96,8.73,8.86,8.033502,53098800.0,2019-01-25,F
8.8,8.8,8.58,8.66,7.852159,42116300.0,2019-01-28,F
8.71,8.79,8.62,8.76,7.94283,30485000.0,2019-01-29,F
8.66,8.72,8.52,8.71,8.035082,29906100.0,2019-01-30,F
8.62,8.82,8.6,8.8,8.118109,39389100.0,2019-01-31,F
8.77,8.81,8.62,8.72,8.044306,34124000.0,2019-02-01,F
8.7,8.7,8.59,8.7,8.025857,28855600.0,2019-02-04,F
8.68,8.76,8.65,8.75,8.071982,26166800.0,2019-02-05,F
8.79,8.9,8.68,8.72,8.044306,32644300.0,2019-02-06,F
8.62,8.62,8.29,8.31,7.666077,55161800.0,2019-02-07,F
8.29,8.41,8.16,8.39,7.739878,38650100.0,2019-02-08,F
8.41,8.44,8.29,8.33,7.684525,27403500.0,2019-02-11,F
8.38,8.47,8.38,8.46,7.804453,26235100.0,2019-02-12,F
8.45,8.66,8.39,8.41,7.758328,27182900.0,2019-02-13,F
8.38,8.47,8.32,8.42,7.767553,23569900.0,2019-02-14,F
8.49,8.56,8.41,8.54,7.878254,58080300.0,2019-02-15,F
8.53,8.85,8.53,8.83,8.145782,37929200.0,2019-02-19,F
8.83,8.98,8.82,8.94,8.247259,55316900.0,2019-02-20,F
8.94,8.96,8.7,8.71,8.035082,44730400.0,2019-02-21,F
8.73,8.75,8.56,8.71,8.035082,40947500.0,2019-02-22,F
8.77,8.85,8.75,8.76,8.081206,56615400.0,2019-02-25,F
8.75,8.94,8.72,8.88,8.191909,38348800.0,2019-02-26,F
8.83,8.91,8.78,8.78,8.099658,34093300.0,2019-02-27,F
8.77,8.79,8.6,8.77,8.090432,43960500.0,2019-02-28,F
8.85,8.89,8.71,8.79,8.108883,37699500.0,2019-03-01,F
8.83,8.97,8.76,8.81,8.127333,46196900.0,2019-03-04,F
8.8,8.81,8.7,8.77,8.090432,40852600.0,2019-03-05,F
8.75,8.78,8.56,8.58,7.915155,50378600.0,2019-03-06,F
8.56,8.57,8.35,8.48,7.822904,54286000.0,2019-03-07,F
8.4,8.47,8.34,8.42,7.767553,43766800.0,2019-03-08,F
8.46,8.63,8.45,8.61,7.94283,36875300.0,2019-03-11,F
8.65,8.7,8.55,8.57,7.90593,37805000.0,2019-03-12,F
8.59,8.65,8.5,8.53,7.86903,49018700.0,2019-03-13,F
8.52,8.55,8.4,8.41,7.758328,36307900.0,2019-03-14,F
8.42,8.47,8.37,8.43,7.776779,66555500.0,2019-03-15,F
8.45,8.57,8.42,8.57,7.90593,37198300.0,2019-03-18,F
8.61,8.87,8.61,8.7,8.025857,57293600.0,2019-03-19,F
8.67,8.67,8.48,8.51,7.850578,54539700.0,2019-03-20,F
8.5,8.69,8.49,8.69,8.016632,46843100.0,2019-03-21,F
8.63,8.67,8.52,8.54,7.878254,41964000.0,2019-03-22,F
8.56,8.65,8.47,8.51,7.850578,45849500.0,2019-03-25,F
8.54,8.76,8.54,8.76,8.081206,47852100.0,2019-03-26,F
8.75,8.86,8.62,8.62,7.952056,39895800.0,2019-03-27,F
8.65,8.83,8.64,8.77,8.090432,38914700.0,2019-03-28,F
8.8,8.89,8.71,8.78,8.099658,33962800.0,2019-03-29,F
8.86,9.0,8.86,8.98,8.28416,45653100.0,2019-04-01,F
8.95,9.03,8.91,9.01,8.311835,30699400.0,2019-04-02,F
9.07,9.27,9.06,9.13,8.422536,56663600.0,2019-04-03,F
9.21,9.3,9.18,9.24,8.524013,39483100.0,2019-04-04,F
9.17,9.27,9.08,9.25,8.533237,37854700.0,2019-04-05,F
9.18,9.32,9.17,9.3,8.579364,26221100.0,2019-04-08,F
9.27,9.36,9.17,9.21,8.496338,29879100.0,2019-04-09,F
9.23,9.35,9.2,9.33,8.607038,28469500.0,2019-04-10,F
9.35,9.41,9.33,9.39,8.66239,26488100.0,2019-04-11,F
9.47,9.6,9.44,9.45,8.71774,38646000.0,2019-04-12,F
9.48,9.5,9.26,9.33,8.607038,41206700.0,2019-04-15,F
9.32,9.4,9.24,9.36,8.634713,40950000.0,2019-04-16,F
9.4,9.58,9.39,9.5,8.763865,30688300.0,2019-04-17,F
9.52,9.62,9.48,9.55,8.809993,29843000.0,2019-04-18,F
9.58,9.58,9.46,9.5,8.763865,38718500.0,2019-04-22,F
9.36,9.51,9.3,9.5,8.904463,39493700.0,2019-04-23,F
9.45,9.61,9.4,9.57,8.970075,39796300.0,2019-04-24,F
9.52,9.53,9.34,9.4,8.810731,52596700.0,2019-04-25,F
10.03,10.45,9.95,10.41,9.757417,156136700.0,2019-04-26,F
10.36,10.39,10.07,10.32,9.673058,62500500.0,2019-04-29,F
10.29,10.5,10.27,10.45,9.794909,46079300.0,2019-04-30,F
10.48,10.5,10.29,10.3,9.654311,41805500.0,2019-05-01,F
10.3,10.35,10.2,10.34,9.691805,34508400.0,2019-05-02,F
10.37,10.45,10.3,10.41,9.757417,36291200.0,2019-05-03,F
10.12,10.42,10.12,10.37,9.719923,28640600.0,2019-05-06,F
10.33,10.41,10.3,10.38,9.729298,41154500.0,2019-05-07,F
10.38,10.45,10.31,10.34,9.691805,33472200.0,2019-05-08,F
10.26,10.3,10.07,10.2,9.560582,43621300.0,2019-05-09,F
10.32,10.41,10.2,10.38,9.729298,37629500.0,2019-05-10,F
10.17,10.26,10.04,10.08,9.448104,51102100.0,2019-05-13,F
10.15,10.29,10.13,10.24,9.598074,31297200.0,2019-05-14,F
10.21,10.4,10.04,10.36,9.71055,44050200.0,2019-05-15,F
10.3,10.44,10.3,10.4,9.748043,32697000.0,2019-05-16,F
10.32,10.44,10.24,10.29,9.644939,34565400.0,2019-05-17,F
10.3,10.3,10.2,10.28,9.635567,29535900.0,2019-05-20,F
10.31,10.31,10.15,10.24,9.598074,30099300.0,2019-05-21,F
10.17,10.21,9.93,9.97,9.345,51407200.0,2019-05-22,F
9.85,9.85,9.67,9.85,9.232523,43153800.0,2019-05-23,F
9.92,9.95,9.8,9.83,9.213776,22131500.0,2019-05-24,F
9.87,9.9,9.77,9.78,9.166909,27656200.0,2019-05-28,F
9.69,9.75,9.55,9.71,9.101299,32262600.0,2019-05-29,F
9.74,9.84,9.68,9.74,9.129417,24759600.0,2019-05-30,F
9.48,9.54,9.32,9.52,8.923209,48250400.0,2019-05-31,F
9.62,9.65,9.46,9.61,9.007566,39446800.0,2019-06-03,F
9.73,9.95,9.72,9.92,9.298134,37324100.0,2019-06-04,F
9.87,9.92,9.65,9.78,9.166909,42464800.0,2019-06-05,F
9.72,9.82,9.66,9.75,9.13879,28291100.0,2019-06-06,F
9.76,9.82,9.7,9.76,9.148165,18848700.0,2019-06-07,F
9.89,10.03,9.76,9.82,9.204402,33883400.0,2019-06-10,F
9.87,9.98,9.79,9.92,9.298134,26434200.0,2019-06-11,F
9.9,9.93,9.84,9.85,9.232523,21746700.0,2019-06-12,F
9.87,10.06,9.8,10.06,9.429359,25555900.0,2019-06-13,F
10.01,10.04,9.94,9.98,9.354372,21553200.0,2019-06-14,F
9.99,10.09,9.94,10.05,9.419984,19383800.0,2019-06-17,F
10.08,10.2,10.05,10.1,9.46685,32591700.0,2019-06-18,F
10.15,10.18,10.03,10.04,9.410612,29051300.0,2019-06-19,F
10.13,10.15,9.95,10.04,9.410612,32086500.0,2019-06-20,F
10.03,10.05,9.91,9.99,9.363745,47904000.0,2019-06-21,F
9.95,10.02,9.93,9.95,9.326252,28091200.0,2019-06-24,F
9.97,9.99,9.83,9.84,9.223147,28682000.0,2019-06-25,F
9.87,9.96,9.82,9.91,9.28876,33739100.0,2019-06-26,F
10.04,10.24,10.0,10.2,9.560582,42954600.0,2019-06-27,F
10.2,10.31,10.2,10.23,9.588699,37551600.0,2019-06-28,F
10.34,10.43,10.07,10.15,9.513715,38452600.0,2019-07-01,F
10.15,10.21,10.04,10.12,9.485597,29708000.0,2019-07-02,F
10.18,10.3,10.13,10.2,9.560582,19326600.0,2019-07-03,F
10.18,10.27,10.09,10.2,9.560582,21397900.0,2019-07-05,F
10.2,10.26,10.18,10.2,9.560582,23244100.0,2019-07-08,F
10.17,10.19,10.1,10.14,9.504342,25140600.0,2019-07-09,F
10.19,10.26,10.11,10.11,9.476223,29082200.0,2019-07-10,F
10.15,10.2,10.11,10.19,9.551207,27667500.0,2019-07-11,F
10.24,10.5,10.24,10.49,9.832402,40761600.0,2019-07-12,F
10.49,10.56,10.34,10.42,9.766789,33753500.0,2019-07-15,F
10.37,10.51,10.29,10.51,9.851148,29530500.0,2019-07-16,F
10.48,10.5,10.31,10.33,9.682432,25204400.0,2019-07-17,F
10.3,10.31,10.18,10.26,9.61682,25810600.0,2019-07-18,F
10.3,10.32,10.2,10.2,9.560582,38505600.0,2019-07-19,F
10.13,10.17,10.0,10.02,9.532043,36238600.0,2019-07-22,F
10.13,10.22,10.06,10.17,9.674738,74624800.0,2019-07-23,F
10.18,10.35,10.14,10.33,9.826946,61107500.0,2019-07-24,F
9.75,9.78,9.4,9.56,9.094444,133898600.0,2019-07-25,F
9.58,9.65,9.51,9.57,9.103956,47710200.0,2019-07-26,F
9.6,9.68,9.52,9.6,9.132497,36487800.0,2019-07-29,F
9.56,9.58,9.48,9.55,9.08493,36944700.0,2019-07-30,F
9.57,9.58,9.4,9.53,9.065905,56715500.0,2019-07-31,F
9.53,9.59,9.28,9.31,8.856619,58060800.0,2019-08-01,F
9.26,9.34,9.21,9.28,8.828079,41495200.0,2019-08-02,F
9.18,9.27,9.06,9.23,8.780514,47963400.0,2019-08-05,F
9.42,9.51,9.36,9.48,9.018339,51856100.0,2019-08-06,F
9.43,9.56,9.32,9.53,9.065905,43042400.0,2019-08-07,F
9.56,9.62,9.51,9.56,9.094444,25469000.0,2019-08-08,F
9.54,9.58,9.39,9.45,8.989799,38739700.0,2019-08-09,F
9.39,9.43,9.28,9.29,8.837591,23050400.0,2019-08-12,F
9.29,9.42,9.18,9.26,8.809053,28231500.0,2019-08-13,F
9.13,9.15,8.96,9.0,8.561715,45967400.0,2019-08-14,F
9.06,9.06,8.78,8.86,8.428532,40682800.0,2019-08-15,F
8.92,9.0,8.81,8.96,8.523663,27369900.0,2019-08-16,F
9.05,9.1,9.02,9.03,8.590254,21844000.0,2019-08-19,F
9.0,9.07,8.93,8.96,8.523663,25108600.0,2019-08-20,F
9.02,9.05,8.97,9.04,8.599767,20434800.0,2019-08-21,F
9.05,9.14,9.02,9.04,8.599767,20974700.0,2019-08-22,F
8.9,8.99,8.73,8.77,8.342916,44982300.0,2019-08-23,F
8.88,8.91,8.79,8.82,8.39048,31888200.0,2019-08-26,F
8.89,8.91,8.75,8.76,8.333402,23024400.0,2019-08-27,F
8.72,9.04,8.7,9.0,8.561715,35147300.0,2019-08-28,F
9.1,9.14,9.03,9.12,8.675871,22011000.0,2019-08-29,F
9.16,9.23,9.1,9.17,8.723436,32057900.0,2019-08-30,F
9.18,9.2,9.04,9.1,8.656845,26331000.0,2019-09-03,F
9.17,9.23,9.07,9.2,8.751974,27406400.0,2019-09-04,F
9.25,9.4,9.25,9.34,8.885158,36626800.0,2019-09-05,F
9.37,9.41,9.2,9.34,8.885158,29210100.0,2019-09-06,F
9.39,9.65,9.39,9.54,9.075418,48059400.0,2019-09-09,F
9.08,9.42,9.04,9.42,8.961261,70567300.0,2019-09-10,F
9.29,9.43,9.29,9.42,8.961261,34190300.0,2019-09-11,F
9.36,9.48,9.32,9.41,8.951748,35687700.0,2019-09-12,F
9.47,9.59,9.44,9.45,8.989799,27161300.0,2019-09-13,F
9.36,9.45,9.24,9.3,8.847105,50052600.0,2019-09-16,F
9.27,9.31,9.18,9.28,8.828079,27391200.0,2019-09-17,F
9.26,9.36,9.22,9.25,8.79954,24309400.0,2019-09-18,F
9.31,9.33,9.1,9.1,8.656845,28780700.0,2019-09-19,F
9.13,9.3,9.11,9.17,8.723436,37491300.0,2019-09-20,F
9.13,9.23,9.08,9.16,8.713923,22051100.0,2019-09-23,F
9.19,9.23,9.05,9.11,8.666357,33092500.0,2019-09-24,F
9.1,9.23,9.09,9.2,8.751974,20510300.0,2019-09-25,F
9.23,9.23,9.07,9.14,8.694897,26556300.0,2019-09-26,F
9.14,9.6,9.06,9.08,8.637819,32459500.0,2019-09-27,F
9.11,9.21,9.1,9.16,8.713923,21510000.0,2019-09-30,F
9.19,9.24,8.87,8.9,8.466584,39559500.0,2019-10-01,F
8.85,8.86,8.44,8.61,8.190705,68137000.0,2019-10-02,F
8.55,8.71,8.45,8.71,8.285837,40827900.0,2019-10-03,F
8.72,8.76,8.66,8.74,8.314376,27827400.0,2019-10-04,F
8.7,8.79,8.61,8.68,8.257299,29340400.0,2019-10-07,F
8.65,8.66,8.5,8.54,8.124116,31091200.0,2019-10-08,F
8.61,8.64,8.56,8.56,8.143142,16898500.0,2019-10-09,F
8.58,8.65,8.52,8.62,8.20022,28069600.0,2019-10-10,F
8.73,8.87,8.73,8.78,8.352428,34175700.0,2019-10-11,F
8.82,8.84,8.76,8.82,8.39048,24794500.0,2019-10-14,F
8.84,9.1,8.78,9.07,8.628305,29771700.0,2019-10-15,F
9.11,9.19,9.06,9.07,8.628305,27190300.0,2019-10-16,F
9.12,9.14,9.03,9.11,8.666357,28361200.0,2019-10-17,F
9.09,9.32,9.09,9.29,8.837591,42422900.0,2019-10-18,F
9.19,9.24,9.01,9.03,8.731232,33610200.0,2019-10-21,F
9.01,9.14,8.96,9.07,8.769908,35878500.0,2019-10-22,F
9.01,9.21,8.97,9.21,8.905277,44770400.0,2019-10-23,F
8.87,8.89,8.55,8.6,8.315458,120395200.0,2019-10-24,F
8.67,8.75,8.62,8.72,8.431489,51373600.0,2019-10-25,F
8.76,8.76,8.58,8.61,8.325128,39635300.0,2019-10-28,F
8.59,8.71,8.59,8.64,8.354136,36771800.0,2019-10-29,F
8.64,8.64,8.52,8.54,8.257444,28685300.0,2019-10-30,F
8.58,8.6,8.5,8.59,8.305791,29124100.0,2019-10-31,F
8.64,8.93,8.64,8.89,8.595863,55354900.0,2019-11-01,F
8.93,9.05,8.93,9.0,8.702225,46716500.0,2019-11-04,F
9.02,9.15,9.0,9.02,8.721562,37569700.0,2019-11-05,F
9.05,9.05,8.89,8.92,8.62487,39497700.0,2019-11-06,F
8.96,9.01,8.88,8.89,8.595863,32640400.0,2019-11-07,F
8.9,9.04,8.82,9.04,8.740901,29476800.0,2019-11-08,F
8.95,9.1,8.94,9.08,8.779577,24846600.0,2019-11-11,F
9.06,9.13,9.04,9.04,8.740901,28703900.0,2019-11-12,F
9.0,9.0,8.8,8.81,8.518511,34491200.0,2019-11-13,F
8.85,8.91,8.78,8.79,8.499172,26527800.0,2019-11-14,F
8.85,8.96,8.85,8.95,8.653879,26416300.0,2019-11-15,F
9.05,9.05,8.89,8.95,8.653879,38291400.0,2019-11-18,F
8.99,9.0,8.87,8.9,8.605533,31168900.0,2019-11-19,F
8.88,8.89,8.68,8.73,8.441156,38271500.0,2019-11-20,F
8.77,8.79,8.67,8.71,8.421819,33161400.0,2019-11-21,F
8.8,8.9,8.77,8.89,8.595863,34966700.0,2019-11-22,F
8.9,9.01,8.87,9.0,8.702225,30580900.0,2019-11-25,F
8.98,9.02,8.91,9.01,8.711894,30093800.0,2019-11-26,F
9.03,9.15,9.02,9.1,8.798916,37396100.0,2019-11-27,F
9.04,9.1,9.03,9.06,8.76024,13096200.0,2019-11-29,F
9.08,9.14,9.0,9.01,8.711894,37232700.0,2019-12-02,F
8.95,8.95,8.8,8.89,8.595863,40653100.0,2019-12-03,F
8.95,9.03,8.94,8.95,8.653879,29982900.0,2019-12-04,F
8.97,9.0,8.88,8.93,8.634541,25768600.0,2019-12-05,F
8.96,9.07,8.95,9.02,8.721562,31086900.0,2019-12-06,F
8.97,9.07,8.96,9.01,8.711894,21772900.0,2019-12-09,F
9.02,9.1,8.96,9.07,8.769908,34217700.0,2019-12-10,F
9.06,9.14,9.06,9.11,8.808585,33204200.0,2019-12-11,F
9.11,9.36,9.11,9.32,9.011636,48390900.0,2019-12-12,F
9.32,9.39,9.19,9.23,8.924615,35334500.0,2019-12-13,F
9.24,9.39,9.22,9.39,9.079322,42337600.0,2019-12-16,F
9.38,9.41,9.31,9.39,9.079322,35503900.0,2019-12-17,F
9.39,9.57,9.36,9.54,9.224359,45905300.0,2019-12-18,F
9.55,9.57,9.38,9.41,9.09866,42236000.0,2019-12-19,F
9.5,9.54,9.44,9.48,9.166342,50191200.0,2019-12-20,F
9.5,9.57,9.4,9.44,9.127666,54784400.0,2019-12-23,F
9.44,9.49,9.43,9.47,9.156674,11881600.0,2019-12-24,F
9.47,9.49,9.43,9.45,9.137334,28961300.0,2019-12-26,F
9.45,9.46,9.35,9.36,9.050313,28272800.0,2019-12-27,F
9.34,9.35,9.23,9.25,8.943952,36074900.0,2019-12-30,F
9.25,9.33,9.25,9.3,8.992298,32342100.0,2019-12-31,F
9.29,9.42,9.19,9.42,9.108328,43425700.0,2020-01-02,F
9.31,9.37,9.15,9.21,8.905277,45040800.0,2020-01-03,F
9.1,9.17,9.06,9.16,8.856931,43372300.0,2020-01-06,F
9.2,9.25,9.12,9.25,8.943952,44984100.0,2020-01-07,F
9.23,9.3,9.17,9.25,8.943952,45994900.0,2020-01-08,F
9.3,9.31,9.18,9.26,8.953622,51817400.0,2020-01-09,F
9.27,9.36,9.25,9.25,8.943952,39796300.0,2020-01-10,F
9.25,9.26,9.11,9.24,8.934284,48553700.0,2020-01-13,F
9.22,9.33,9.21,9.29,8.982629,42935600.0,2020-01-14,F
9.27,9.3,9.18,9.19,8.885937,55923900.0,2020-01-15,F
9.23,9.28,9.15,9.17,8.8666,44310400.0,2020-01-16,F
9.19,9.23,9.13,9.16,8.856931,41644900.0,2020-01-17,F
9.15,9.22,9.1,9.21,8.905277,49556400.0,2020-01-21,F
9.22,9.25,9.15,9.16,8.856931,39914800.0,2020-01-22,F
9.14,9.16,8.93,9.14,8.837592,75848700.0,2020-01-23,F
9.11,9.12,8.96,9.0,8.702225,68100900.0,2020-01-24,F
8.88,8.96,8.78,8.89,8.595863,60769300.0,2020-01-27,F
8.94,9.0,8.86,8.97,8.673217,85163400.0,2020-01-28,F
8.85,8.96,8.84,8.86,8.71255,59057400.0,2020-01-29,F
8.81,8.84,8.73,8.84,8.692883,42827800.0,2020-01-30,F
8.78,8.84,8.74,8.82,8.673217,59813700.0,2020-01-31,F
8.85,9.14,8.85,8.98,8.830554,71405400.0,2020-02-03,F
9.08,9.24,9.07,9.18,9.027226,86196400.0,2020-02-04,F
8.41,8.48,8.26,8.31,8.171704,145792500.0,2020-02-05,F
8.37,8.38,8.25,8.25,8.112702,68823400.0,2020-02-06,F
8.21,8.21,8.02,8.11,7.975032,98256500.0,2020-02-07,F
8.15,8.15,8.05,8.06,7.925866,71834900.0,2020-02-10,F
8.1,8.15,8.08,8.1,7.965199,80164500.0,2020-02-11,F
8.14,8.33,8.13,8.24,8.102868,111536800.0,2020-02-12,F
8.21,8.36,8.21,8.25,8.112702,67648800.0,2020-02-13,F
8.27,8.27,8.08,8.1,7.965199,46359700.0,2020-02-14,F
8.12,8.15,8.02,8.06,7.925866,65094800.0,2020-02-18,F
8.06,8.1,8.0,8.0,7.866863,69668200.0,2020-02-19,F
8.0,8.07,7.99,8.03,7.896364,52318200.0,2020-02-20,F
8.02,8.03,7.89,7.89,7.758694,58326300.0,2020-02-21,F
7.7,7.72,7.55,7.57,7.444019,110048200.0,2020-02-24,F
7.68,7.68,7.22,7.23,7.109677,108888300.0,2020-02-25,F
7.3,7.46,7.21,7.21,7.090011,92469500.0,2020-02-26,F
7.13,7.28,6.92,6.97,6.854004,118642400.0,2020-02-27,F
6.84,6.96,6.67,6.96,6.844171,116490700.0,2020-02-28,F
7.11,7.23,6.88,7.2,7.080177,96766000.0,2020-03-02,F
7.29,7.34,6.89,6.97,6.854004,97457800.0,2020-03-03,F
7.09,7.09,6.92,7.08,6.962174,70588100.0,2020-03-04,F
6.96,6.97,6.71,6.74,6.627832,78070900.0,2020-03-05,F
6.6,6.68,6.4,6.49,6.381992,109932200.0,2020-03-06,F
5.97,6.14,5.87,5.9,5.801812,103901700.0,2020-03-09,F
6.26,6.29,5.8,6.26,6.155821,101873600.0,2020-03-10,F
6.06,6.11,5.88,5.9,5.801812,98587100.0,2020-03-11,F
5.38,5.69,5.2,5.35,5.260964,89453100.0,2020-03-12,F
5.87,5.9,5.12,5.63,5.536305,125375300.0,2020-03-13,F
5.04,5.22,5.0,5.01,4.926623,110310900.0,2020-03-16,F
5.08,5.14,4.7,5.01,4.926623,104233500.0,2020-03-17,F
4.75,4.84,4.1,4.5,4.42511,125954700.0,2020-03-18,F
4.33,4.58,4.1,4.47,4.39561,126603800.0,2020-03-19,F
4.54,4.75,4.25,4.33,4.25794,129378600.0,2020-03-20,F
4.27,4.52,3.96,4.01,3.943265,134925000.0,2020-03-23,F
4.47,4.99,4.26,4.95,4.867622,146192100.0,2020-03-24,F
5.77,5.87,5.12,5.39,5.300299,198999400.0,2020-03-25,F
5.36,5.65,5.16,5.25,5.162629,138227600.0,2020-03-26,F
5.07,5.3,4.91,5.19,5.103627,106324000.0,2020-03-27,F
5.11,5.12,4.93,5.03,4.94629,97879700.0,2020-03-30,F
5.03,5.19,4.75,4.83,4.749619,231800800.0,2020-03-31,F
4.63,4.77,4.36,4.4,4.326775,119174500.0,2020-04-01,F
4.39,4.57,4.25,4.36,4.287441,90891700.0,2020-04-02,F
4.4,4.42,4.17,4.24,4.169437,85659900.0,2020-04-03,F
4.54,4.67,4.41,4.53,4.454611,102205300.0,2020-04-06,F
4.85,5.03,4.63,4.71,4.631616,115150400.0,2020-04-07,F
4.86,5.09,4.8,5.03,4.94629,117022200.0,2020-04-08,F
5.51,5.75,5.24,5.37,5.280632,175681700.0,2020-04-09,F
5.43,5.43,5.02,5.16,5.074127,99320000.0,2020-04-13,F
5.27,5.44,5.16,5.29,5.201963,74877000.0,2020-04-14,F
5.06,5.14,4.95,5.03,4.94629,74727700.0,2020-04-15,F
5.06,5.07,4.89,4.94,4.857788,58951200.0,2020-04-16,F
5.17,5.28,5.03,5.12,5.034792,91989300.0,2020-04-17,F
5.01,5.09,4.91,4.98,4.897122,71079400.0,2020-04-20,F
4.89,4.92,4.72,4.77,4.690618,82400200.0,2020-04-21,F
4.87,4.89,4.75,4.77,4.690618,62237200.0,2020-04-22,F
4.8,4.98,4.77,4.89,4.80862,61959800.0,2020-04-23,F
4.93,4.96,4.8,4.87,4.788953,54320400.0,2020-04-24,F
4.91,5.19,4.88,5.17,5.08396,91082800.0,2020-04-27,F
5.49,5.54,5.22,5.38,5.290466,106222800.0,2020-04-28,F
5.33,5.5,5.21,5.26,5.172463,126393000.0,2020-04-29,F
5.16,5.24,5.06,5.09,5.005292,93437900.0,2020-04-30,F
5.02,5.05,4.9,4.92,4.83812,82660100.0,2020-05-01,F
4.88,4.97,4.77,4.86,4.779119,84214700.0,2020-05-04,F
4.99,5.09,4.94,4.97,4.887289,96301300.0,2020-05-05,F
5.05,5.09,4.82,4.87,4.788953,89390400.0,2020-05-06,F
4.9,4.98,4.85,4.87,4.788953,67222900.0,2020-05-07,F
4.96,5.25,4.95,5.24,5.152795,101207100.0,2020-05-08,F
5.18,5.19,5.05,5.12,5.034792,75734000.0,2020-05-11,F
5.15,5.22,4.97,4.98,4.897122,70965200.0,2020-05-12,F
5.0,5.01,4.66,4.72,4.641449,100192300.0,2020-05-13,F
4.64,4.92,4.52,4.89,4.80862,108061100.0,2020-05-14,F
4.8,4.94,4.75,4.9,4.818454,80544700.0,2020-05-15,F
5.12,5.33,5.12,5.31,5.22163,136157700.0,2020-05-18,F
5.27,5.45,5.15,5.3,5.211797,94836300.0,2020-05-19,F
5.38,5.54,5.37,5.49,5.398634,87685400.0,2020-05-20,F
5.45,5.69,5.44,5.63,5.536305,87098200.0,2020-05-21,F
5.68,5.73,5.5,5.65,5.555972,76656500.0,2020-05-22,F
5.92,5.99,5.82,5.84,5.74281,86046300.0,2020-05-26,F
6.01,6.09,5.84,6.03,5.929648,110413900.0,2020-05-27,F
6.05,6.07,5.81,5.85,5.752644,76930200.0,2020-05-28,F
5.75,5.8,5.57,5.71,5.614974,92936300.0,2020-05-29,F
5.73,5.88,5.67,5.87,5.772311,61879700.0,2020-06-01,F
5.96,6.0,5.83,5.9,5.801812,80046000.0,2020-06-02,F
5.99,6.27,5.92,6.19,6.086986,98876600.0,2020-06-03,F
6.2,6.58,6.12,6.57,6.460662,115798600.0,2020-06-04,F
7.24,7.5,7.02,7.34,7.217847,208648200.0,2020-06-05,F
7.53,7.74,7.37,7.53,7.404685,113169300.0,2020-06-08,F
7.22,7.44,7.05,7.24,7.119511,115749600.0,2020-06-09,F
7.33,7.34,6.77,6.81,6.696667,147327100.0,2020-06-10,F
6.07,6.46,6.04,6.13,6.027984,116184700.0,2020-06-11,F
6.56,6.63,6.3,6.46,6.352492,88778000.0,2020-06-12,F
6.18,6.58,6.11,6.5,6.391827,104742600.0,2020-06-15,F
6.87,6.87,6.44,6.55,6.440994,109535200.0,2020-06-16,F
6.56,6.56,6.31,6.33,6.224656,67831400.0,2020-06-17,F
6.26,6.45,6.19,6.33,6.224656,61301800.0,2020-06-18,F
6.64,6.69,6.23,6.23,6.12632,126127800.0,2020-06-19,F
6.27,6.28,6.13,6.28,6.175488,71724300.0,2020-06-22,F
6.33,6.38,6.14,6.15,6.047651,86672800.0,2020-06-23,F
6.06,6.12,5.86,5.95,5.850979,75536300.0,2020-06-24,F
5.86,6.05,5.8,6.03,5.929648,73612700.0,2020-06-25,F
6.04,6.07,5.81,5.91,5.811645,118435400.0,2020-06-26,F
5.91,6.07,5.81,6.01,5.909981,58208400.0,2020-06-29,F
5.98,6.1,5.9,6.08,5.978816,61909300.0,2020-06-30,F
6.1,6.18,5.95,5.98,5.88048,62454700.0,2020-07-01,F
6.1,6.17,6.0,6.05,5.949316,67270500.0,2020-07-02,F
6.14,6.2,6.11,6.19,6.086986,63921800.0,2020-07-06,F
6.14,6.2,6.09,6.12,6.01815,56652000.0,2020-07-07,F
6.13,6.18,6.05,6.09,5.98865,60928600.0,2020-07-08,F
6.09,6.1,5.82,5.84,5.74281,82693000.0,2020-07-09,F
5.8,6.1,5.74,6.1,5.998483,73710700.0,2020-07-10,F
6.15,6.22,6.05,6.06,5.959148,80190700.0,2020-07-13,F
6.18,6.39,6.08,6.36,6.254156,106131800.0,2020-07-14,F
6.54,6.78,6.52,6.74,6.627832,101648700.0,2020-07-15,F
6.66,6.9,6.63,6.86,6.745835,93498500.0,2020-07-16,F
6.9,6.91,6.73,6.8,6.686834,80769000.0,2020-07-17,F
6.8,6.85,6.58,6.66,6.549164,71361700.0,2020-07-20,F
6.71,6.81,6.64,6.68,6.56883,63285100.0,2020-07-21,F
6.64,6.88,6.61,6.84,6.726168,75629600.0,2020-07-22,F
6.87,7.06,6.8,6.98,6.863838,88652600.0,2020-07-23,F
6.9,7.01,6.86,6.88,6.765502,62292000.0,2020-07-24,F
6.92,6.94,6.77,6.93,6.81467,60370200.0,2020-07-27,F
6.9,7.05,6.9,7.01,6.893339,56312500.0,2020-07-28,F
7.05,7.06,6.83,6.92,6.804837,59437200.0,2020-07-29,F
6.74,6.83,6.67,6.74,6.627832,58991000.0,2020-07-30,F
6.89,6.9,6.52,6.61,6.499996,115301700.0,2020-07-31,F
6.65,6.72,6.53,6.69,6.578665,53845900.0,2020-08-03,F
6.91,6.91,6.73,6.86,6.745835,69377600.0,2020-08-04,F
6.86,7.03,6.86,6.96,6.844171,81728400.0,2020-08-05,F
6.93,7.0,6.89,6.93,6.81467,48668500.0,2020-08-06,F
6.87,6.92,6.79,6.86,6.745835,47480100.0,2020-08-07,F
6.91,7.13,6.91,7.09,6.972007,57229000.0,2020-08-10,F
7.21,7.38,7.19,7.23,7.109677,74016400.0,2020-08-11,F
7.33,7.37,7.06,7.11,6.991674,59161400.0,2020-08-12,F
7.03,7.18,7.0,7.03,6.913006,50066800.0,2020-08-13,F
6.97,7.11,6.93,7.04,6.922839,43517700.0,2020-08-14,F
7.05,7.06,6.87,6.98,6.863838,64555200.0,2020-08-17,F
6.98,7.01,6.89,6.89,6.775336,40444200.0,2020-08-18,F
6.89,7.02,6.86,6.87,6.755669,44158100.0,2020-08-19,F
6.77,6.89,6.73,6.84,6.726168,41824500.0,2020-08-20,F
6.78,6.85,6.65,6.66,6.549164,39158900.0,2020-08-21,F
6.73,7.0,6.69,6.98,6.863838,64974700.0,2020-08-24,F
7.01,7.1,6.86,6.94,6.824504,49550000.0,2020-08-25,F
6.94,6.97,6.77,6.82,6.706501,48600100.0,2020-08-26,F
6.83,6.98,6.83,6.91,6.795002,45740900.0,2020-08-27,F
6.93,6.95,6.86,6.94,6.824504,39936900.0,2020-08-28,F
6.9,6.93,6.79,6.82,6.706501,50089500.0,2020-08-31,F
6.77,6.87,6.72,6.83,6.716334,48189900.0,2020-09-01,F
6.81,6.97,6.77,6.95,6.834337,59008900.0,2020-09-02,F
6.92,7.09,6.76,6.82,6.706501,78130900.0,2020-09-03,F
6.86,6.95,6.75,6.9,6.78517,70017500.0,2020-09-04,F
6.83,7.17,6.81,7.03,6.913006,84749300.0,2020-09-08,F
7.07,7.1,6.93,6.97,6.854004,56501400.0,2020-09-09,F
6.99,7.04,6.87,6.91,6.795002,69228600.0,2020-09-10,F
6.94,7.0,6.85,7.0,6.883505,55080600.0,2020-09-11,F
7.01,7.18,6.98,7.12,7.001508,58704300.0,2020-09-14,F
7.16,7.18,7.0,7.04,6.922839,65198500.0,2020-09-15,F
7.05,7.12,6.99,7.02,6.903172,46245800.0,2020-09-16,F
7.04,7.34,6.98,7.28,7.158846,84850100.0,2020-09-17,F
7.31,7.4,7.22,7.23,7.109677,71929400.0,2020-09-18,F
7.09,7.09,6.81,6.87,6.755669,72850300.0,2020-09-21,F
6.89,6.99,6.77,6.78,6.667167,55865500.0,2020-09-22,F
6.81,6.93,6.63,6.64,6.529497,52588600.0,2020-09-23,F
6.6,6.76,6.41,6.66,6.549164,59822900.0,2020-09-24,F
6.61,6.71,6.5,6.51,6.40166,53761800.0,2020-09-25,F
6.59,6.77,6.58,6.69,6.578665,47582600.0,2020-09-28,F
6.69,6.7,6.54,6.6,6.490162,38987300.0,2020-09-29,F
6.61,6.75,6.59,6.66,6.549164,55944600.0,2020-09-30,F
6.71,6.77,6.63,6.75,6.637666,58340600.0,2020-10-01,F
6.62,6.93,6.6,6.89,6.775336,60798400.0,2020-10-02,F
6.95,7.05,6.95,7.02,6.903172,42359400.0,2020-10-05,F
7.06,7.25,6.96,6.98,6.863838,78203800.0,2020-10-06,F
7.11,7.25,7.06,7.23,7.109677,50664100.0,2020-10-07,F
7.29,7.35,7.2,7.35,7.227681,54513300.0,2020-10-08,F
7.36,7.44,7.23,7.25,7.129345,50977900.0,2020-10-09,F
7.36,7.87,7.33,7.67,7.542355,97692900.0,2020-10-12,F
7.82,7.88,7.63,7.76,7.630858,74562600.0,2020-10-13,F
7.73,7.75,7.55,7.57,7.444019,57752100.0,2020-10-14,F
7.42,7.62,7.37,7.62,7.493187,49336200.0,2020-10-15,F
7.71,7.75,7.61,7.67,7.542355,47509400.0,2020-10-16,F
7.68,7.72,7.57,7.59,7.463686,38960700.0,2020-10-19,F
7.62,7.85,7.58,7.74,7.61119,63447000.0,2020-10-20,F
7.77,7.88,7.73,7.85,7.719359,51981100.0,2020-10-21,F
7.93,8.22,7.89,8.21,8.073368,74008500.0,2020-10-22,F
8.3,8.35,8.09,8.16,8.024201,62249000.0,2020-10-23,F
8.04,8.07,7.94,8.03,7.896364,62131000.0,2020-10-26,F
8.01,8.09,7.9,7.92,7.788195,64154500.0,2020-10-27,F
7.68,7.88,7.63,7.7,7.571856,82938300.0,2020-10-28,F
8.17,8.24,7.85,7.9,7.768528,118999900.0,2020-10-29,F
7.85,7.91,7.61,7.73,7.601356,79345600.0,2020-10-30,F
7.83,7.86,7.68,7.71,7.58169,59962900.0,2020-11-02,F
7.76,7.93,7.73,7.88,7.74886,65108800.0,2020-11-03,F
7.86,7.87,7.63,7.64,7.512854,67326800.0,2020-11-04,F
7.76,7.99,7.71,7.99,7.857029,61442600.0,2020-11-05,F
8.01,8.02,7.75,7.79,7.660358,50912100.0,2020-11-06,F
8.11,8.38,8.08,8.2,8.063534,110511300.0,2020-11-09,F
8.23,8.59,8.18,8.38,8.240539,87468400.0,2020-11-10,F
8.6,8.6,8.29,8.33,8.191371,75644400.0,2020-11-11,F
8.26,8.29,8.1,8.21,8.073368,81064900.0,2020-11-12,F
8.23,8.57,8.23,8.54,8.397877,79475100.0,2020-11-13,F
8.74,8.85,8.61,8.8,8.65355,84853900.0,2020-11-16,F
8.66,8.85,8.63,8.75,8.604382,46754500.0,2020-11-17,F
8.82,9.05,8.78,8.82,8.673217,77759300.0,2020-11-18,F
8.88,8.88,8.74,8.82,8.673217,56672700.0,2020-11-19,F
8.81,8.82,8.68,8.74,8.594547,57024300.0,2020-11-20,F
8.82,8.98,8.78,8.86,8.71255,71537100.0,2020-11-23,F
9.15,9.5,9.14,9.45,9.292731,99520500.0,2020-11-24,F
9.2,9.25,9.0,9.08,8.92889,95217800.0,2020-11-25,F
9.12,9.14,9.03,9.09,8.938723,27853900.0,2020-11-27,F
9.23,9.23,8.98,9.08,8.92889,77970100.0,2020-11-30,F
9.16,9.4,9.16,9.24,9.086226,68863000.0,2020-12-01,F
9.16,9.24,9.08,9.2,9.046892,48345000.0,2020-12-02,F
9.26,9.32,9.15,9.21,9.056726,50302100.0,2020-12-03,F
9.26,9.44,9.24,9.34,9.184563,48775500.0,2020-12-04,F
9.31,9.33,9.15,9.22,9.06656,58305200.0,2020-12-07,F
9.19,9.33,9.17,9.25,9.09606,56296700.0,2020-12-08,F
9.31,9.49,9.29,9.45,9.292731,60780300.0,2020-12-09,F
9.31,9.32,9.1,9.12,8.968224,83372800.0,2020-12-10,F
9.19,9.19,9.01,9.02,8.869888,73438200.0,2020-12-11,F
9.13,9.18,8.88,8.91,8.76172,76826000.0,2020-12-14,F
9.03,9.15,8.94,9.15,8.997725,69606100.0,2020-12-15,F
9.17,9.18,8.97,9.04,8.889556,55274500.0,2020-12-16,F
9.09,9.13,9.0,9.08,8.92889,49301600.0,2020-12-17,F
9.09,9.09,8.91,8.95,8.801053,78764600.0,2020-12-18,F
8.87,9.01,8.79,8.93,8.781386,63908100.0,2020-12-21,F
8.98,8.99,8.75,8.79,8.643716,59031200.0,2020-12-22,F
8.82,9.03,8.8,8.99,8.840386,54086700.0,2020-12-23,F
9.01,9.02,8.8,8.86,8.71255,27927000.0,2020-12-24,F
8.92,8.98,8.86,8.89,8.742051,38068400.0,2020-12-28,F
8.93,8.93,8.78,8.82,8.673217,37537900.0,2020-12-29,F
8.83,8.92,8.81,8.86,8.71255,38461900.0,2020-12-30,F
8.84,8.86,8.78,8.79,8.643716,40176500.0,2020-12-31,F
8.81,8.84,8.43,8.52,8.37821,85043100.0,2021-01-04,F
8.47,8.72,8.46,8.65,8.506046,70127800.0,2021-01-05,F
8.79,8.94,8.68,8.84,8.692883,72590200.0,2021-01-06,F
8.94,9.08,8.88,9.06,8.909223,77117100.0,2021-01-07,F
9.1,9.14,8.89,9.0,8.850221,59162200.0,2021-01-08,F
8.87,9.32,8.82,9.3,9.145229,95968300.0,2021-01-11,F
9.3,9.82,9.29,9.78,9.61724,124808500.0,2021-01-12,F
9.91,9.92,9.64,9.78,9.61724,89549300.0,2021-01-13,F
9.81,10.2,9.79,10.17,10.00075,112695300.0,2021-01-14,F
10.04,10.05,9.82,9.83,9.666409,99985000.0,2021-01-15,F
10.06,10.21,9.97,10.02,9.853247,78732800.0,2021-01-19,F
10.23,10.87,10.19,10.86,10.679266,125033200.0,2021-01-20,F
11.28,12.15,11.12,11.53,11.338117,282394100.0,2021-01-21,F
11.66,11.69,11.34,11.52,11.328283,130866600.0,2021-01-22,F
11.49,11.52,10.88,11.29,11.102111,118954500.0,2021-01-25,F
11.31,11.53,11.12,11.19,11.003774,66267500.0,2021-01-26,F
11.02,11.17,10.7,10.79,10.610433,82863000.0,2021-01-27,F
10.84,11.05,10.71,10.72,10.541597,77388700.0,2021-01-28,F
10.59,10.84,10.45,10.53,10.354758,73925800.0,2021-01-29,F
10.65,11.44,10.36,10.83,10.649766,157114400.0,2021-02-01,F
11.14,11.2,10.71,10.86,10.679266,80440700.0,2021-02-02,F
10.92,11.36,10.84,11.2,11.013608,82968600.0,2021-02-03,F
11.4,11.62,11.17,11.37,11.180779,106845000.0,2021-02-04,F
11.8,11.9,11.3,11.51,11.31845,113402100.0,2021-02-05,F
11.52,11.58,11.31,11.56,11.367618,75756700.0,2021-02-08,F
11.54,12.04,11.49,11.93,11.731461,102250800.0,2021-02-09,F
12.0,12.02,11.53,11.76,11.564289,76282500.0,2021-02-10,F
11.66,11.74,11.31,11.45,11.259447,55762900.0,2021-02-11,F
11.42,11.62,11.37,11.45,11.259447,44401200.0,2021-02-12,F
11.5,11.7,11.38,11.54,11.347951,48392100.0,2021-02-16,F
11.61,11.61,11.37,11.48,11.288948,49554000.0,2021-02-17,F
11.37,11.48,11.3,11.43,11.239781,37777100.0,2021-02-18,F
11.52,11.59,11.46,11.58,11.387284,48615600.0,2021-02-19,F
11.52,11.94,11.5,11.7,11.505287,62183000.0,2021-02-22,F
11.59,11.65,11.13,11.62,11.426618,72904500.0,2021-02-23,F
11.67,12.4,11.64,12.27,12.065803,95152800.0,2021-02-24,F
12.22,12.4,11.72,11.76,11.564289,75249400.0,2021-02-25,F
11.89,11.98,11.54,11.7,11.505287,69614500.0,2021-02-26,F
11.87,12.08,11.78,11.98,11.780626,43172800.0,2021-03-01,F
12.04,12.8,11.94,12.55,12.341142,104789000.0,2021-03-02,F
12.61,12.61,12.14,12.17,11.967466,80169700.0,2021-03-03,F
12.24,12.46,11.63,11.93,11.731461,88339600.0,2021-03-04,F
12.06,12.29,11.67,12.27,12.065803,79345700.0,2021-03-05,F
12.39,12.88,12.3,12.65,12.439477,86129700.0,2021-03-08,F
12.76,12.76,12.38,12.57,12.360808,61568700.0,2021-03-09,F
12.72,12.98,12.62,12.91,12.69515,62111200.0,2021-03-10,F
12.94,13.06,12.75,12.81,12.596815,56536500.0,2021-03-11,F
12.78,13.43,12.77,13.37,13.147495,87160100.0,2021-03-12,F
13.39,13.62,13.05,13.2,12.980324,64476000.0,2021-03-15,F
13.06,13.15,12.43,12.49,12.28214,125425300.0,2021-03-16,F
12.34,12.7,12.22,12.69,12.478811,109324400.0,2021-03-17,F
12.7,13.01,12.44,12.49,12.28214,76733300.0,2021-03-18,F
12.85,12.95,12.55,12.83,12.616481,90885200.0,2021-03-19,F
12.85,12.93,12.51,12.85,12.636149,81362100.0,2021-03-22,F
12.57,12.68,12.12,12.21,12.0068,73020200.0,2021-03-23,F
12.36,12.53,12.12,12.14,11.937965,54534400.0,2021-03-24,F
11.94,12.35,11.72,12.32,12.114969,54201800.0,2021-03-25,F
12.43,12.49,12.06,12.3,12.095303,49239800.0,2021-03-26,F
12.2,12.36,12.07,12.15,11.947798,44747900.0,2021-03-29,F
12.16,12.48,12.11,12.46,12.25264,49762300.0,2021-03-30,F
12.46,12.54,12.21,12.25,12.046134,60456900.0,2021-03-31,F
12.28,12.29,12.02,12.17,11.967466,61907500.0,2021-04-01,F
12.39,12.78,12.33,12.7,12.488645,82332700.0,2021-04-05,F
12.7,12.99,12.64,12.92,12.704985,67499400.0,2021-04-06,F
12.87,12.93,12.66,12.73,12.518146,42264000.0,2021-04-07,F
12.67,12.76,12.43,12.51,12.301807,52622000.0,2021-04-08,F
12.49,12.62,12.39,12.51,12.301807,40555400.0,2021-04-09,F
12.5,12.55,12.32,12.38,12.173971,40422800.0,2021-04-12,F
12.39,12.45,12.1,12.2,11.996966,51556000.0,2021-04-13,F
12.2,12.49,12.2,12.24,12.0363,49877500.0,2021-04-14,F
12.3,12.32,12.13,12.24,12.0363,38209300.0,2021-04-15,F
12.32,12.36,12.19,12.23,12.026466,33132900.0,2021-04-16,F
12.22,12.25,12.02,12.11,11.908463,39063500.0,2021-04-19,F
12.06,12.06,11.35,11.45,11.259447,83170800.0,2021-04-20,F
11.36,11.74,11.18,11.73,11.534787,49641100.0,2021-04-21,F
12.06,12.15,11.83,11.94,11.741293,73064400.0,2021-04-22,F
11.97,12.24,11.87,12.22,12.016633,51833300.0,2021-04-23,F
12.28,12.44,12.23,12.27,12.065803,40863800.0,2021-04-26,F
12.29,12.5,12.27,12.49,12.28214,42037800.0,2021-04-27,F
12.6,12.6,12.39,12.43,12.22314,68023400.0,2021-04-28,F
11.91,11.91,11.14,11.26,11.07261,230430600.0,2021-04-29,F
11.36,11.54,11.33,11.54,11.347951,90786500.0,2021-04-30,F
11.56,11.68,11.43,11.63,11.436453,61987300.0,2021-05-03,F
11.53,11.55,11.23,11.41,11.220114,71007700.0,2021-05-04,F
11.5,11.64,11.4,11.61,11.416785,64495500.0,2021-05-05,F
11.55,11.76,11.48,11.74,11.544621,50032800.0,2021-05-06,F
11.65,11.83,11.52,11.82,11.62329,41525800.0,2021-05-07,F
11.78,11.93,11.7,11.71,11.515121,51703500.0,2021-05-10,F
11.45,11.76,11.42,11.58,11.387284,56882600.0,2021-05-11,F
11.54,11.68,11.28,11.33,11.141444,55663100.0,2021-05-12,F
11.36,11.68,11.35,11.55,11.357783,56598500.0,2021-05-13,F
11.65,11.87,11.62,11.84,11.642958,48619200.0,2021-05-14,F
11.82,12.18,11.79,12.15,11.947798,52201700.0,2021-05-17,F
12.29,12.53,12.13,12.14,11.937965,72472900.0,2021-05-18,F
12.03,12.21,11.85,12.11,11.908463,70220800.0,2021-05-19,F
12.52,12.69,12.3,12.49,12.28214,106243900.0,2021-05-20,F
12.7,13.47,12.57,13.33,13.10816,200958600.0,2021-05-21,F
13.38,13.38,12.92,13.06,12.842654,111374300.0,2021-05-24,F
13.13,13.43,12.8,12.81,12.596815,113383400.0,2021-05-25,F
13.16,13.95,13.1,13.9,13.668674,227538700.0,2021-05-26,F
14.38,15.05,14.12,14.88,14.632366,278939100.0,2021-05-27,F
15.01,15.05,14.41,14.53,14.288191,152105300.0,2021-05-28,F
14.72,14.84,14.46,14.81,14.563531,89071000.0,2021-06-01,F
14.9,15.02,14.68,14.91,14.661866,77517200.0,2021-06-02,F
15.15,16.059999,14.99,15.99,15.723892,179671400.0,2021-06-03,F
16.33,16.450001,15.8,15.97,15.704226,151788000.0,2021-06-04,F
16.01,16.200001,15.65,15.88,15.615725,90915300.0,2021-06-07,F
15.76,15.8,15.33,15.63,15.369884,93891100.0,2021-06-08,F
15.6,15.62,15.39,15.48,15.22238,60079100.0,2021-06-09,F
15.59,15.78,15.08,15.11,14.858537,78147500.0,2021-06-10,F
15.3,15.43,15.17,15.28,15.025708,50613500.0,2021-06-11,F
15.23,15.3,14.82,14.87,14.622532,82666000.0,2021-06-14,F
14.91,15.16,14.76,15.0,14.750368,62612700.0,2021-06-15,F
15.1,15.29,14.88,15.02,14.770037,69112900.0,2021-06-16,F
15.3,15.4,14.58,14.77,14.524197,126653100.0,2021-06-17,F
14.54,14.77,14.44,14.52,14.278358,76319700.0,2021-06-18,F
14.63,14.9,14.55,14.78,14.534029,63385000.0,2021-06-21,F
15.02,15.11,14.82,14.91,14.661866,65545900.0,2021-06-22,F
15.14,15.53,15.03,15.42,15.16338,94985700.0,2021-06-23,F
15.54,15.55,15.15,15.26,15.006042,79859800.0,2021-06-24,F
15.24,15.52,15.18,15.19,14.937206,111760500.0,2021-06-25,F
15.2,15.21,14.83,14.96,14.711034,79477400.0,2021-06-28,F
15.05,15.2,14.88,15.01,14.760202,68208200.0,2021-06-29,F
14.95,15.11,14.81,14.86,14.612698,72213500.0,2021-06-30,F
14.91,14.97,14.84,14.91,14.661866,51112200.0,2021-07-01,F
14.96,15.04,14.83,14.93,14.681534,43652000.0,2021-07-02,F
14.87,14.88,14.39,14.5,14.25869,73990600.0,2021-07-06,F
14.41,14.46,14.02,14.23,13.993182,72992500.0,2021-07-07,F
13.96,14.23,13.74,14.06,13.826013,62706800.0,2021-07-08,F
14.45,14.58,14.27,14.48,14.239021,65981200.0,2021-07-09,F
14.36,14.74,14.24,14.61,14.366858,49205200.0,2021-07-12,F
14.5,14.63,14.3,14.42,14.180021,45360600.0,2021-07-13,F
14.43,14.63,14.2,14.25,14.01285,39056200.0,2021-07-14,F
14.15,14.3,13.94,14.01,13.776845,44952300.0,2021-07-15,F
14.12,14.14,13.58,13.61,13.3835,48065200.0,2021-07-16,F
13.25,13.32,12.79,13.28,13.058993,99949200.0,2021-07-19,F
13.37,13.96,13.28,13.91,13.678509,70731800.0,2021-07-20,F
14.05,14.34,14.03,14.19,13.953848,53817500.0,2021-07-21,F
14.08,14.14,13.78,13.91,13.678509,40440100.0,2021-07-22,F
13.97,14.04,13.73,13.82,13.590005,37927900.0,2021-07-23,F
13.9,14.08,13.87,14.03,13.796512,43838000.0,2021-07-26,F
13.93,13.96,13.65,13.79,13.560505,41963200.0,2021-07-27,F
13.86,13.99,13.57,13.86,13.629339,70653500.0,2021-07-28,F
14.51,14.79,14.3,14.39,14.15052,111154800.0,2021-07-29,F
14.23,14.3,13.87,13.95,13.717842,74955700.0,2021-07-30,F
14.02,14.33,13.88,13.91,13.678509,64673700.0,2021-08-02,F
13.97,14.08,13.64,14.02,13.786678,53257700.0,2021-08-03,F
13.85,13.93,13.3,13.32,13.098328,81502700.0,2021-08-04,F
13.54,13.82,13.45,13.71,13.481837,60524400.0,2021-08-05,F
13.82,13.91,13.73,13.8,13.570339,44450600.0,2021-08-06,F
13.72,13.82,13.55,13.75,13.521171,38760400.0,2021-08-09,F
13.77,13.91,13.66,13.82,13.590005,32120800.0,2021-08-10,F
13.86,13.95,13.67,13.93,13.698175,42795600.0,2021-08-11,F
13.92,14.05,13.79,13.9,13.668674,38547900.0,2021-08-12,F
13.88,13.95,13.54,13.59,13.363833,45118500.0,2021-08-13,F
13.5,13.56,13.32,13.46,13.235997,38664300.0,2021-08-16,F
13.32,13.33,12.81,12.99,12.773819,74625300.0,2021-08-17,F
12.95,13.21,12.9,13.0,12.783653,50966700.0,2021-08-18,F
12.8,12.92,12.57,12.67,12.459145,69038800.0,2021-08-19,F
12.61,12.67,12.38,12.57,12.360808,53615600.0,2021-08-20,F
12.71,12.85,12.47,12.73,12.518146,64573600.0,2021-08-23,F
12.81,13.14,12.76,13.08,12.862321,53672500.0,2021-08-24,F
13.12,13.28,13.02,13.17,12.950824,51195500.0,2021-08-25,F
13.11,13.13,12.81,12.9,12.685316,57559800.0,2021-08-26,F
12.89,13.37,12.87,13.31,13.088494,57587300.0,2021-08-27,F
13.35,13.37,13.03,13.05,12.832821,42720100.0,2021-08-30,F
13.02,13.14,12.93,13.03,12.813153,42212700.0,2021-08-31,F
13.03,13.22,12.9,13.11,12.891821,58875700.0,2021-09-01,F
13.09,13.21,12.97,13.01,12.793487,49053200.0,2021-09-02,F
12.99,13.05,12.87,12.89,12.675485,41616700.0,2021-09-03,F
12.83,13.04,12.81,12.95,12.734485,64008900.0,2021-09-07,F
12.97,13.22,12.91,13.03,12.813153,57980900.0,2021-09-08,F
12.95,12.95,12.72,12.76,12.547647,68806400.0,2021-09-09,F
12.84,12.93,12.66,12.68,12.468979,48792500.0,2021-09-10,F
12.76,12.99,12.62,12.99,12.773819,62270800.0,2021-09-13,F
12.93,13.06,12.79,12.86,12.645982,47640800.0,2021-09-14,F
12.89,13.25,12.81,13.22,12.999991,60282100.0,2021-09-15,F
13.18,13.53,13.1,13.4,13.176995,76426100.0,2021-09-16,F
13.41,13.7,13.39,13.55,13.3245,76182400.0,2021-09-17,F
13.07,13.19,12.63,12.82,12.606648,126152200.0,2021-09-20,F
12.89,12.97,12.66,12.77,12.557481,60473100.0,2021-09-21,F
12.92,13.39,12.91,13.23,13.009824,75784000.0,2021-09-22,F
13.35,13.74,13.32,13.71,13.481837,68708100.0,2021-09-23,F
13.66,13.94,13.64,13.78,13.550673,57440200.0,2021-09-24,F
13.89,14.29,13.88,14.16,13.924348,68769700.0,2021-09-27,F
14.63,14.73,14.23,14.31,14.071852,107090900.0,2021-09-28,F
14.46,14.5,14.17,14.3,14.062018,56805500.0,2021-09-29,F
14.26,14.32,14.09,14.16,13.924348,78820500.0,2021-09-30,F
14.26,14.37,14.01,14.16,13.924348,51880900.0,2021-10-01,F
14.27,14.79,14.22,14.35,14.111186,78332500.0,2021-10-04,F
14.44,14.44,14.11,14.29,14.052184,55915800.0,2021-10-05,F
14.14,14.34,13.89,14.12,13.885014,61020300.0,2021-10-06,F
14.34,14.95,14.31,14.89,14.6422,96557500.0,2021-10-07,F
14.92,15.49,14.85,15.12,14.868372,99468900.0,2021-10-08,F
15.2,15.36,14.97,15.09,14.838871,45302300.0,2021-10-11,F
15.11,15.68,15.01,15.64,15.379718,89134000.0,2021-10-12,F
15.59,15.69,15.27,15.51,15.251882,63363500.0,2021-10-13,F
15.62,15.62,15.37,15.45,15.19288,50875100.0,2021-10-14,F
15.54,16.030001,15.54,15.7,15.438719,77211800.0,2021-10-15,F
15.57,15.65,15.49,15.56,15.301049,48643800.0,2021-10-18,F
15.6,15.69,15.37,15.42,15.16338,44668300.0,2021-10-19,F
15.43,16.16,15.37,16.040001,15.773062,105213700.0,2021-10-20,F
16.16,16.700001,16.129999,16.549999,16.274574,95855000.0,2021-10-21,F
16.42,16.540001,16.23,16.280001,16.009066,60646800.0,2021-10-22,F
16.4,16.5,15.81,16.0,15.733727,67808000.0,2021-10-25,F
16.09,16.219999,15.7,15.94,15.674725,64882300.0,2021-10-26,F
15.79,15.92,15.5,15.51,15.251882,96094300.0,2021-10-27,F
16.860001,17.58,16.709999,16.860001,16.579414,215237600.0,2021-10-28,F
16.860001,17.360001,16.549999,17.08,16.795753,100560700.0,2021-10-29,F
17.5,17.969999,17.07,17.950001,17.651274,125246500.0,2021-11-01,F
18.15,18.190001,17.73,18.01,17.710274,115146200.0,2021-11-02,F
17.92,18.83,17.879999,18.629999,18.319958,104755500.0,2021-11-03,F
18.92,19.5,18.719999,19.42,19.096809,157505500.0,2021-11-04,F
19.709999,19.719999,18.99,19.290001,18.968975,122232200.0,2021-11-05,F
19.4,20.42,19.24,20.15,19.814661,153490400.0,2021-11-08,F
20.51,20.51,19.41,20.120001,19.785162,164928500.0,2021-11-09,F
19.879999,20.469999,19.059999,19.360001,19.037809,229109600.0,2021-11-10,F
19.639999,19.84,19.26,19.549999,19.224648,96436500.0,2021-11-11,F
19.379999,19.620001,19.209999,19.5,19.175478,77837900.0,2021-11-12,F
19.459999,19.950001,19.139999,19.860001,19.52949,84838600.0,2021-11-15,F
19.9,20.059999,19.530001,19.790001,19.460653,66557200.0,2021-11-16,F
19.74,20.01,19.440001,19.959999,19.627821,80855200.0,2021-11-17,F
20.16,20.26,19.360001,19.559999,19.331329,111368800.0,2021-11-18,F
19.639999,19.67,19.24,19.389999,19.163317,64610400.0,2021-11-19,F
19.389999,20.790001,19.309999,20.48,20.240574,137861700.0,2021-11-22,F
20.43,20.530001,19.969999,20.200001,19.96385,90984500.0,2021-11-23,F
19.969999,20.34,19.780001,20.25,20.013264,77324300.0,2021-11-24,F
19.66,19.84,19.469999,19.75,19.51911,49434000.0,2021-11-26,F
20.07,20.190001,19.49,19.67,19.440044,68778700.0,2021-11-29,F
19.620001,19.950001,19.030001,19.190001,18.965656,103238400.0,2021-11-30,F
19.629999,20.469999,19.530001,19.58,19.351097,125295600.0,2021-12-01,F
19.5,20.110001,19.280001,19.870001,19.637707,94142300.0,2021-12-02,F
20.370001,20.4,18.93,19.139999,18.916241,120275200.0,2021-12-03,F
19.23,19.49,18.610001,19.219999,18.995304,88147400.0,2021-12-06,F
19.65,20.059999,19.52,19.959999,19.726652,75885600.0,2021-12-07,F
20.18,20.190001,19.75,19.809999,19.578407,63246800.0,2021-12-08,F
19.76,19.93,19.540001,19.57,19.341213,63357600.0,2021-12-09,F
19.77,21.49,19.76,21.450001,21.199236,169657200.0,2021-12-10,F
21.24,21.299999,20.129999,20.43,20.19116,126632300.0,2021-12-13,F
19.799999,20.18,19.379999,20.049999,19.815601,124559700.0,2021-12-14,F
19.99,20.33,19.549999,20.190001,19.953966,79679700.0,2021-12-15,F
20.57,21.1,20.26,20.35,20.112095,107020900.0,2021-12-16,F
20.030001,20.24,19.6,19.77,19.538877,98710700.0,2021-12-17,F
19.459999,19.620001,19.049999,19.42,19.192966,74565600.0,2021-12-20,F
19.75,19.790001,19.33,19.610001,19.380747,58930900.0,2021-12-21,F
19.639999,20.34,19.639999,20.139999,19.904549,75806400.0,2021-12-22,F
20.08,20.41,20.0,20.25,20.013264,50610500.0,2021-12-23,F
20.26,20.889999,20.1,20.799999,20.556833,59651800.0,2021-12-27,F
20.66,21.059999,20.59,20.76,20.517302,53020500.0,2021-12-28,F
20.709999,20.77,20.450001,20.559999,20.319639,37883000.0,2021-12-29,F
20.59,20.959999,20.469999,20.469999,20.230692,51470100.0,2021-12-30,F
20.459999,21.01,20.459999,20.77,20.527185,51899600.0,2021-12-31,F
21.27,21.879999,21.059999,21.77,21.515493,110449000.0,2022-01-03,F
22.52,24.559999,22.42,24.309999,24.025801,311645200.0,2022-01-04,F
24.059999,24.950001,23.469999,23.66,23.383398,253540000.0,2022-01-05,F
24.09,24.620001,23.360001,24.459999,24.174046,155058800.0,2022-01-06,F
24.67,24.91,24.040001,24.440001,24.15428,127017500.0,2022-01-07,F
24.1,24.440001,23.35,23.85,23.571178,122800700.0,2022-01-10,F
23.780001,24.35,23.280001,24.35,24.065332,106011600.0,2022-01-11,F
24.610001,24.84,24.01,24.469999,24.183929,104050000.0,2022-01-12,F
24.639999,25.870001,24.370001,25.02,24.727499,185780500.0,2022-01-13,F
24.469999,25.280001,24.299999,25.190001,24.895512,146012200.0,2022-01-14,F
24.870001,25.129999,24.299999,24.379999,24.09498,110518100.0,2022-01-18,F
24.65,24.92,22.41,22.450001,22.187546,153198200.0,2022-01-19,F
21.879999,22.879999,21.57,21.65,21.396896,152014100.0,2022-01-20,F
21.209999,21.5,20.540001,20.65,20.408587,145532900.0,2022-01-21,F
19.93,20.469999,18.799999,20.389999,20.151627,186674000.0,2022-01-24,F
20.0,20.309999,19.559999,19.98,19.74642,116775800.0,2022-01-25,F
21.01,21.040001,19.57,19.91,19.677238,135786400.0,2022-01-26,F
20.309999,20.65,19.41,19.549999,19.321447,105674400.0,2022-01-27,F
19.32,19.549999,18.92,19.540001,19.410854,87677100.0,2022-01-28,F
19.58,20.33,19.370001,20.299999,20.165829,91361900.0,2022-01-31,F
20.610001,20.85,19.92,20.66,20.523451,117651800.0,2022-02-01,F
20.809999,21.049999,20.18,20.629999,20.493649,95377600.0,2022-02-02,F
20.17,20.620001,19.870001,19.889999,19.758539,103016000.0,2022-02-03,F
18.52,18.59,17.52,17.959999,17.841295,211100500.0,2022-02-04,F
17.73,18.120001,17.700001,17.889999,17.771757,84610000.0,2022-02-07,F
17.58,17.91,17.02,17.719999,17.60288,142694300.0,2022-02-08,F
18.27,18.43,18.030001,18.35,18.228718,87118600.0,2022-02-09,F
17.969999,18.629999,17.92,18.08,17.960503,76195300.0,2022-02-10,F
18.1,18.360001,17.42,17.549999,17.434004,94534100.0,2022-02-11,F
17.51,17.73,17.290001,17.459999,17.344599,78625000.0,2022-02-14,F
17.799999,18.129999,17.719999,18.08,17.960503,65883300.0,2022-02-15,F
17.889999,18.209999,17.74,18.01,17.890965,57442100.0,2022-02-16,F
17.860001,17.940001,17.5,17.540001,17.424072,55368600.0,2022-02-17,F
17.6,18.48,17.57,18.040001,17.920767,106404200.0,2022-02-18,F
17.67,17.76,17.07,17.290001,17.175724,98550700.0,2022-02-22,F
17.5,17.73,16.879999,16.950001,16.837973,79855400.0,2022-02-23,F
15.99,17.190001,15.96,17.15,17.036648,110443900.0,2022-02-24,F
17.25,17.9,17.120001,17.83,17.712154,78888000.0,2022-02-25,F
17.34,17.68,17.209999,17.559999,17.443939,82367800.0,2022-02-28,F
17.41,17.41,16.450001,16.700001,16.589624,94819500.0,2022-03-01,F
17.5,18.25,17.299999,18.1,17.980371,138638200.0,2022-03-02,F
18.25,18.25,17.440001,17.6,17.483675,95395500.0,2022-03-03,F
17.35,17.389999,16.639999,16.85,16.738632,91304000.0,2022-03-04,F
16.84,16.9,15.97,15.97,15.864449,87999200.0,2022-03-07,F
16.059999,16.719999,15.77,16.030001,15.924052,101020300.0,2022-03-08,F
16.65,16.83,16.280001,16.370001,16.261805,62846700.0,2022-03-09,F
16.110001,16.41,15.76,16.33,16.222069,72992600.0,2022-03-10,F
16.4,16.48,16.01,16.040001,15.933987,54985900.0,2022-03-11,F
16.09,16.23,15.51,15.74,15.635968,66341700.0,2022-03-14,F
15.77,16.139999,15.53,16.059999,15.953853,65263700.0,2022-03-15,F
16.469999,16.629999,16.059999,16.58,16.470417,82677600.0,2022-03-16,F
16.23,16.58,16.16,16.58,16.470417,58500200.0,2022-03-17,F
16.42,16.9,16.280001,16.860001,16.748566,89144000.0,2022-03-18,F
16.870001,17.110001,16.33,16.48,16.371077,72583600.0,2022-03-21,F
16.719999,17.309999,16.700001,17.09,16.977045,77647100.0,2022-03-22,F
16.82,17.049999,16.57,16.68,16.569756,63296800.0,2022-03-23,F
16.74,16.98,16.639999,16.83,16.718763,56314200.0,2022-03-24,F
16.74,16.780001,16.34,16.469999,16.361143,62023100.0,2022-03-25,F
16.549999,16.68,16.280001,16.67,16.559822,54634400.0,2022-03-28,F
17.01,17.799999,17.01,17.75,17.632683,90676900.0,2022-03-29,F
17.52,17.66,17.200001,17.27,17.155857,57853400.0,2022-03-30,F
17.200001,17.35,16.5,16.91,16.798235,52529400.0,2022-03-31,F
17.01,17.15,16.34,16.65,16.539953,64695700.0,2022-04-01,F
16.66,16.73,16.360001,16.66,16.549887,51146500.0,2022-04-04,F
16.459999,16.620001,15.81,15.82,15.715439,91708000.0,2022-04-05,F
15.6,15.8,15.18,15.39,15.288282,102881600.0,2022-04-06,F
15.07,15.21,14.56,14.96,14.861124,101229100.0,2022-04-07,F
14.94,15.44,14.81,15.05,14.950529,75085800.0,2022-04-08,F
14.89,15.77,14.89,15.28,15.179008,66117100.0,2022-04-11,F
15.5,15.72,15.28,15.36,15.258479,49138700.0,2022-04-12,F
15.31,15.55,15.22,15.51,15.407489,51871800.0,2022-04-13,F
15.5,15.76,15.46,15.48,15.377687,39312900.0,2022-04-14,F
15.37,15.79,15.37,15.67,15.566431,40205800.0,2022-04-18,F
15.74,16.23,15.74,16.15,16.043259,55398300.0,2022-04-19,F
16.23,16.549999,16.01,16.049999,15.943918,47351500.0,2022-04-20,F
16.48,16.57,15.61,15.7,15.596232,49898500.0,2022-04-21,F
15.55,15.64,15.0,15.13,15.03,56193700.0,2022-04-22,F
14.91,15.2,14.62,15.19,15.19,58361400.0,2022-04-25,F
15.1,15.14,14.67,14.71,14.71,60345300.0,2022-04-26,F
14.79,15.1,14.6,14.85,14.85,65847900.0,2022-04-27,F
14.91,14.99,13.9,14.62,14.62,131556500.0,2022-04-28,F
14.59,14.97,14.1,14.16,14.16,83184900.0,2022-04-29,F
14.02,14.29,13.82,14.27,14.27,64734000.0,2022-05-02,F
14.31,14.75,14.2,14.56,14.56,55734200.0,2022-05-03,F
14.51,15.0,14.26,14.98,14.98,59774900.0,2022-05-04,F
14.82,14.82,14.34,14.53,14.53,57889200.0,2022-05-05,F
14.46,14.6,14.0,14.21,14.21,66622200.0,2022-05-06,F
13.85,14.17,13.31,13.37,13.37,71242000.0,2022-05-09,F
13.8,13.84,13.02,13.35,13.35,75506700.0,2022-05-10,F
13.2,13.62,12.79,12.83,12.83,71644900.0,2022-05-11,F
12.21,12.8,12.15,12.44,12.44,113203900.0,2022-05-12,F
12.88,13.63,12.87,13.5,13.5,78944200.0,2022-05-13,F
13.49,13.52,12.98,13.05,13.05,65055400.0,2022-05-16,F
13.34,13.53,13.16,13.53,13.53,50891400.0,2022-05-17,F
13.25,13.36,12.71,12.78,12.78,68362500.0,2022-05-18,F
12.64,13.12,12.63,12.85,12.85,58459600.0,2022-05-19,F
13.05,13.12,12.07,12.5,12.5,78183400.0,2022-05-20,F
12.64,12.95,12.5,12.83,12.83,51929600.0,2022-05-23,F
12.6,12.68,12.27,12.42,12.42,51082800.0,2022-05-24,F
12.33,12.81,12.32,12.71,12.71,41193100.0,2022-05-25,F
12.8,13.2,12.79,13.12,13.12,45709200.0,2022-05-26,F
13.26,13.63,13.24,13.63,13.63,54195700.0,2022-05-27,F
13.68,13.82,13.35,13.68,13.68,79689900.0,2022-05-31,F
13.88,13.97,13.4,13.55,13.55,50726200.0,2022-06-01,F
13.64,13.96,13.6,13.89,13.89,42979700.0,2022-06-02,F
13.63,13.78,13.36,13.5,13.5,43574400.0,2022-06-03,F
13.74,13.74,13.38,13.46,13.46,37711100.0,2022-06-06,F
13.26,13.77,13.19,13.74,13.74,38940300.0,2022-06-07,F
13.63,13.85,13.44,13.53,13.53,39441900.0,2022-06-08,F
13.51,13.59,13.28,13.28,13.28,30468000.0,2022-06-09,F
13.0,13.21,12.63,12.75,12.75,55644400.0,2022-06-10,F
12.3,12.38,11.74,11.81,11.81,80676300.0,2022-06-13,F
11.99,12.42,11.91,12.2,12.2,82369300.0,2022-06-14,F
12.22,12.42,12.0,12.27,12.27,70393200.0,2022-06-15,F
11.8,11.91,11.12,11.25,11.25,80380100.0,2022-06-16,F
11.24,11.44,10.9,11.23,11.23,80166800.0,2022-06-17,F
11.55,11.66,11.35,11.46,11.46,66283400.0,2022-06-21,F
11.26,11.68,11.21,11.48,11.48,46098900.0,2022-06-22,F
11.5,11.58,11.25,11.56,11.56,53655000.0,2022-06-23,F
11.65,12.12,11.57,12.01,12.01,55457600.0,2022-06-24,F
12.12,12.18,11.9,12.04,12.04,44009900.0,2022-06-27,F
12.14,12.44,11.8,11.81,11.81,45866900.0,2022-06-28,F
11.74,11.76,11.38,11.52,11.52,39474200.0,2022-06-29,F
11.24,11.36,10.93,11.13,11.13,59238200.0,2022-06-30,F
11.1,11.5,10.99,11.32,11.32,54290200.0,2022-07-01,F
11.05,11.21,10.61,11.2,11.2,87269800.0,2022-07-05,F
11.15,11.27,10.84,11.06,11.06,71065700.0,2022-07-06,F
